"id";"titulo";"body"
"8";"Bata GOAR";"<p>Bata escolar del uniforme del colegio GOAR de Viladecans en tejido vichí de raya marina, para los cursos de infantil, de 3 a 6 años. Rayas finas en marino y blanco, con el cuello rematado en bies marino y los botones delanteros del mismo color.</p><ul><li><strong>Bolsillo en escudo</strong> en el pecho, en marino liso, con el logotipo del colegio en blanco.</li><li><strong>Bolsillo lateral</strong> de la misma raya, a la altura de la cadera.</li><li><strong>Puños con elástico</strong> para subir la manga al pintar o al comer.</li></ul><p>Se ofrece en las tallas 4 y 6.</p>"
"9";"Polo manga corta";"<p>Polo de manga corta del uniforme del colegio GOAR, en piqué blanco con dos rayas marinas en el cuello y en el filo de las mangas, de 3 a 14 años y adulto.</p><p>El <strong>cuello es de tricotosa</strong>, con las dos rayas marinas en el borde, y las mangas repiten el mismo remate. Tapeta con botones y el nombre del colegio en azul marino sobre el pecho izquierdo.</p><p>Va desde la talla 4 hasta la 14 y continúa en tallas de adulto, de la XS a la XL, así que sirve para toda la etapa escolar.</p>"
"10";"Polo manga larga";"<p>Polo de manga larga blanco del uniforme del colegio GOAR de Viladecans, con dos rayas marinas en el cuello de tricotosa y en los puños.</p><p>Misma prenda que el polo de manga corta, en versión de invierno: piqué blanco, tapeta con botones y el logotipo del colegio sobre el pecho. Los <strong>puños de punto</strong> llevan las dos rayas marinas y ajustan a la muñeca sin apretar.</p><p>Disponible en las tallas infantiles 4 y 14 y en tallas de adulto, de la XS a la XL.</p>"
"11";"Pantalón corto";"<p>Pantalón corto de deporte del uniforme del colegio GOAR, en azul marino con una franja verde ancha en cada lateral, de 3 a 14 años y tallas de adulto.</p><p>Tejido de poliéster mate, el mismo del chándal, con <strong>cintura elástica</strong> y el nombre del colegio en blanco sobre la pierna. La <strong>franja verde</strong> baja de la cintura al bajo por los dos costados.</p><p>Es la versión corta del pantalón de chándal, a juego con los polos blancos del uniforme.</p>"
"12";"Chándal";"<p>Chándal completo del uniforme del colegio GOAR de Viladecans: chaqueta con cremallera y pantalón largo en poliéster mate azul marino con detalles verdes.</p><ul><li><strong>Chaqueta</strong> de corte recto con cuello alto, cremallera entera, hombros en verde y una franja horizontal verde a la altura del pecho, con el logotipo del colegio.</li><li><strong>Pantalón</strong> marino con un vivo verde a lo largo de la pierna y el nombre del colegio en la pierna derecha.</li><li><strong>Cintura y puños con elástico</strong>.</li></ul><p>Tallas de 3 a 14 años y de adulto de la XS a la XL. Las dos piezas se venden también por separado.</p>"
"13";"Chaqueta chándal";"<p>Chaqueta de chándal del colegio GOAR en poliéster mate marino, con cremallera completa, cuello alto y los hombros y la franja del pecho en verde.</p><p>Corte recto y <strong>cremallera hasta el cuello</strong>, que se lleva abierta o cerrada. Los hombros y la parte alta de las mangas van en verde, y una <strong>franja horizontal verde</strong> cruza el pecho por debajo del logotipo del colegio, que va en blanco sobre el lado izquierdo. Puños con elástico.</p><p>Es la parte de arriba del chándal, para quien necesita reponer solo la chaqueta. Desde la talla 4 hasta la XL de adulto.</p>"
"14";"Pantalón de chándal";"<p>Pantalón de chándal largo del uniforme del colegio GOAR, en azul marino con un vivo verde por el costado de cada pierna, de 5 a 14 años y tallas de adulto.</p><p>Tejido de poliéster mate, <strong>cintura elástica</strong> y corte recto. El <strong>vivo verde</strong> baja desde la cintura hasta el bajo, y el nombre del colegio va en blanco sobre la pierna derecha, a la altura del muslo.</p><p>Combina con la chaqueta de cremallera del mismo chándal y se vende suelto para reponer solo el pantalón. Empieza en la talla 6.</p>"
"16";"Bata escolar Sirenita";"<p>Una sirena rubia y su gatito gris sobre las olas ocupan medio delantero del babi escolar Sirenita, de vichí multicolor, para niños y niñas de 4 a 10 años. Es el mandilón que se pone sin protestar: la ilustración trae burbujas, una medusa rosa y una estrella de mar, y la otra mitad es un cuadrito menudo en rojo, azul, amarillo y naranja sobre blanco.</p><p>El <strong>bies amarillo del cuello</strong>, los botones y el bolsillo cuadrado del mismo amarillo recogen el color de la melena de la sirena. Los <strong>puños con elástico</strong> se quedan en la muñeca y no se meten en el plato ni en la témpera.</p><p>Se abrocha por delante con botones al alcance de unas manos de tres años que ya quieren hacerlo solas.</p><p>Si en la clase hay más de una sirena, borda su nombre en el pecho: va cosido a máquina en nuestro taller de Barcelona, igual que el propio babi.</p>"
"17";"Bata babi escolar Cupcake";"<p>Bata babi escolar Cupcake en vichí rosa con bies y botones verde lima, para que la pintura de dedos se quede en el babi y no en la ropa de debajo. La mitad del delantero es un panel estampado con rayas rosas, una niña pelirroja con su cupcake y magdalenas de glaseado verde con cereza; la otra mitad, el cuadrito rosa y blanco con el bolsillo verde.</p><p>Las clases de plástica manchan, y para eso está el mandilón: cubre el delantero entero y las mangas completas, con <strong>puños elásticos</strong> que se quedan en su sitio al meter la mano en el bote de témpera.</p><ul><li><strong>Tejido vichí</strong> de cuadro pequeño, en rosa y blanco, para llevarlo encima de la ropa toda la mañana.</li><li><strong>Botones verde lima</strong> por delante, fáciles de ver y de abrochar.</li><li><strong>Bolsillo</strong> a juego, para el pañuelo o el tesoro del patio.</li></ul><p>Con el nombre bordado en el pecho, opcional, la bata vuelve del cole en la mochila correcta.</p>"
"18";"Bata babi escolar Zombi";"<p>Bata babi escolar Zombi con una pandilla de zombis en el bosque bajo la luna llena, para peques de 4 a 10 años que prefieren el miedo en versión tierna. La tela es de rayitas verde menta, y el bies del cuello, los botones y el bolsillo van en verde lima.</p><p>El panel estampado ocupa medio delantero: un oso de peluche zombi con parche, una niña de pelo morado, un compañero amarillo y una calavera que flota entre los árboles. Nada da miedo de verdad; todo da ganas de enseñarlo en el patio.</p><h3>Con su nombre en el pecho</h3><p>En una clase de P4 puede haber tres babis iguales colgados en el perchero. El <strong>nombre bordado</strong>, opcional, se ve desde lejos y evita que vuelva a casa el de otro. Lo cosemos a máquina en nuestro taller, sobre la propia tela del pecho.</p><p>Botones delanteros y <strong>puños con elástico</strong>: se lo quita solo, sin ayuda, cuando toca cambiarse.</p>"
"19";"Bata escolar Panda";"<p>Rayas azules y blancas, bies rojo y un panda en el cielo entre fresas y mariquitas: la bata escolar Panda viste el cole de los 4 a los 10 años. El estampado ocupa medio delantero sobre fondo celeste a rayas, y el bolsillo, en celeste liso, corta la raya del otro lado.</p><p>Los <strong>botones rojos</strong> del delantero destacan sobre la raya y ayudan a que aprendan a abrocharse solos: primero uno, al final del curso todos. Es una de esas cosas pequeñas de la autonomía que empiezan con el babi de la mañana.</p><ul><li><strong>Panel estampado</strong> con el panda, un corazón rosa, fresas y mariquitas repartidas por toda la tela.</li><li><strong>Puños con elástico</strong>, para que la manga no baje a la mesa cuando comen o pintan.</li><li><strong>Etiqueta interior</strong> para escribir el nombre con rotulador.</li></ul><p>Y si prefieres que el nombre se lea por fuera, lo bordamos en el pecho, opcional, con un pequeño suplemento.</p>"
"20";"Bata babi escolar Sakura";"<p>Babi escolar Sakura con una muñeca de moños negros y kimono morado entre flores de cerezo, en rayitas verde agua con bies fucsia, de 4 a 10 años. El bolsillo, rosa chicle, remata el lado liso, los botones repiten el fucsia del cuello y el estampado ocupa la otra mitad del delantero.</p><p>Para el comedor es una bendición: el tomate del macarrón y el yogur caen en el mandilón, no en la camiseta buena, y las <strong>mangas largas con puño elástico</strong> tapan hasta la muñeca. Al salir se desabrocha y la ropa de debajo sigue limpia.</p><p>El panel lleva fondo turquesa con lunares blancos, pétalos rosas volando y un pequeño personaje blanco y sonriente que acompaña a la kokeshi. La flor del cerezo dura poco; el babi, el curso entero.</p><p>Puedes añadir el <strong>nombre bordado</strong> en el pecho, con su pequeño suplemento, para que en la fila del comedor no haya dos Sakuras iguales.</p>"
"21";"Babero Kawaii";"<p>Babero Kawaii de rizo de algodón con la carita de un conejito sobre fondo azul degradado, para las primeras papillas de tu bebé. La parte de arriba es blanca y de rizo, la que recibe la cucharada; la franja de abajo lleva los ojazos verdes, las mejillas rosas y la boquita abierta del conejo. Todo el contorno va rematado con un <strong>bies azul claro a juego</strong>.</p><p>Se ata con <strong>cintas al cuello</strong>: un lazo y listo, sin nada duro que le roce la nuca cuando se recuesta. El rizo absorbe lo que gotea de la cuchara y es suave para pasarlo por la barbilla al terminar.</p><p>Vale desde los primeros purés hasta los tres años, cuando ya comen solos y manchan más que nunca.</p><p>Si lo quieres para regalar en un nacimiento, añade el nombre del bebé: va <strong>bordado dentro de una nube</strong> de tela, marrón o rosa, y el conejito pasa a ser suyo.</p>"
"22";"Babero Fresa";"<p>Babero Fresa de rizo de algodón, con una fresa y un cartón de leche que suman un biberón rosa, para las comidas del bebé hasta los tres años. La ecuación va dibujada en estilo kawaii, con caritas, sobre una franja fucsia con burbujas, y el resto del babero es blanco. El <strong>ribete fucsia</strong> recorre todo el borde y remata las cintas del cuello.</p><ul><li><strong>Rizo de algodón</strong> que absorbe la leche o el puré antes de que llegue a la ropa.</li><li><strong>Cierre con lazada</strong>: dos cintas que se atan en la nuca en un momento.</li><li><strong>Tamaño de bebé</strong>, para los primeros meses y hasta que empieza a comer solo.</li></ul><p>Es una buena pieza para la bolsa del cambiador: se enrolla y no ocupa. Y si va con el nombre bordado dentro de una nube de tela, marrón o rosa, sirve de regalo de nacimiento que no se repite en la cuna de al lado.</p>"
"26";"Mochila infantil Cupcake";"<p>Mochila infantil de vichí rosa con una pastelera y su cupcake en el bolsillo, acolchada, para el primer curso de guardería o de P3. La solapa fucsia cierra con un botón verde lima, los bolsillos laterales repiten el lima y las tiras van en verde menta: rosa, pero sin empalago.</p><p>Está pensada para la primera mochila de verdad: va <strong>acolchada con guata</strong> para que la espalda no note la botella ni el tupper, y se cierra con un botón que un peque de dos años aprende a abrir solo.</p><p>El <strong>bolsillo central</strong> lleva la lámina de «let’s make a cupcake» y los <strong>dos bolsillos laterales</strong> guardan el chupete o el paquete de pañuelos.</p><h3>Con su nombre en la solapa</h3><p>Si quieres, bordamos el nombre en nuestro taller de Barcelona sobre la solapa fucsia, y puede ir dentro de una nube de tela, marrón o rosa, que se lee desde la percha.</p>"
"27";"Mochila infantil Sirenita";"<p>Mochila infantil de cuadros multicolor con una sirena y su gatito entre las olas, acolchada, para la guardería y los primeros cursos del cole. Tiene tres bolsillos, y la solapa amarilla con botón azul y los laterales turquesa le dan el aire de playa que pide el dibujo.</p><p>¿Qué cabe? Lo que un peque necesita para un día fuera de casa:</p><ul><li><strong>Bolsillo central</strong> con la lámina de la sirenita: la muda completa o el pijama de la siesta.</li><li><strong>Dos bolsillos laterales</strong>: la botella pequeña en uno y las galletas del almuerzo en el otro.</li><li><strong>Cuerpo acolchado con guata</strong> y cierre con botón: el peluche viaja protegido y no se cae por el camino.</li></ul><p>Las tiras amarillas son <strong>regulables y reforzadas</strong>, así que la misma mochila sirve de la guardería a infantil. Y con el nombre bordado, dentro de una nube marrón o rosa si te gusta, no se confunde con la de nadie en el perchero.</p>"
"28";"Mochila infantil Panda";"<p>Mochila infantil a rayas azules y blancas con un panda que vuela con un globo de corazón, acolchada, para la guardería y el ciclo de infantil. Tiras regulables, solapa celeste con botón rojo, bolsillos laterales rojos y fresas repartidas por la lámina: un clásico de niño y de niña.</p><p>Lo que más se nota al ponérsela es la espalda: el cuerpo va <strong>acolchado con guata</strong>, así que ni la botella ni el estuche se marcan, y las <strong>tiras regulables reforzadas</strong> se ajustan al hombro de un niño de dos años y siguen valiendo cuando pasa a P5.</p><p>Las <strong>asas de nailon</strong> aguantan los tirones de cada tarde al recogerla de la percha, y el botón de la solapa lo abre él solo cuando quiere coger el almuerzo del bolsillo central.</p><p>La confeccionamos en nuestro taller de Barcelona y, si lo pides, le bordamos el nombre en la solapa, sobre la tela o dentro de una nube marrón o rosa.</p>"
"29";"Mochila infantil Zombie";"<p>Mochila infantil a rayas verdes con una pandilla de zombis bajo la luna en el bolsillo, acolchada, para la guardería y el cole de infantil. Tres bolsillos, solapa turquesa con botón lima, un lateral rojo y el otro verde: nada de miedo, mucho color.</p><p>La lámina es la misma que la de la bata de guardería del mismo estampado, así que el babi de pintura y la mochila hacen conjunto sin buscarlo.</p><ul><li><strong>Acolchada con guata</strong>: protege la fiambrera y la espalda a la vez.</li><li><strong>Bolsillo central y dos laterales</strong> para separar la muda del almuerzo.</li><li><strong>Tiras regulables reforzadas</strong> y asas de nailon que sobreviven al patio.</li></ul><p>El nombre se borda en la solapa turquesa, si quieres dentro de una nube de tela marrón o rosa, para que en el perchero de la clase se distinga a la primera.</p>"
"30";"Mochila infantil Sakura";"<p>Mochila infantil de rayas finas con una niña de moños y flores de cerezo rosas en el bolsillo, acolchada, para la guardería y los primeros cursos. La tela es gris verdoso, la solapa y los bolsillos laterales van en rosa, del fucsia al rosa palo, y el fondo turquesa de la lámina hace que las flores salten a la vista.</p><p>La niña del dibujo guiña un ojo entre pétalos de sakura: es el diseño para quien ya tiene edad de decidir qué mochila quiere.</p><p>Por dentro va <strong>acolchada con guata</strong> y se abre con un solo botón en la solapa. Tiene <strong>bolsillo central</strong> para la muda y <strong>dos laterales</strong> para la botella y el almuerzo pequeño, y las tiras rosas son regulables y están reforzadas en los puntos que más sufren.</p><p>El nombre puede ir bordado en la solapa rosa, a la vista, o dentro de una nube de tela marrón o rosa: en la fila de perchas de la clase se lee de lejos.</p>"
"32";"Bolsa guardería impermeable Oso Panda";"<p>Saco de guardería impermeable con un oso panda paseando entre cañas de bambú, para llevar la muda o el almuerzo de los peques de 0 a 12 años. La lámina es un bosque verde de bambú con el panda en primer plano, panzudo y sonriente, y el cordón blanco cierra el conjunto.</p><p>Pesa tan poco que cabe dentro de la mochila del cole sin que se note: la ropa de recambio va en el saco y el saco, doblado, en la mochila. Cuando toca sacarlo, el <strong>engomado interior</strong> mantiene lo húmedo dentro y la mochila seca.</p><p>Viene en tres medidas y cada una tiene su tarea: la <strong>chupetera</strong> para el chupete y los pequeños tesoros, la de almuerzo para el bocadillo y la fruta, y la de muda para el cambio completo.</p><p>El nombre se borda en nuestro taller de Barcelona dentro de una <strong>nube de tela</strong>, marrón o rosa, para que el panda vuelva siempre a la percha que le toca.</p>"
"33";"Bolsa impermeable Cupcake";"<p>Bolsa de almuerzo impermeable Cupcake, con una princesa de corona dorada rodeada de pastelitos, para la merienda y la muda de los peques en la guardería. La lámina, en tonos lila y rosa, pinta a la princesa de melena castaña y vestido turquesa entre cupcakes con carita, con banderines de fiesta al fondo y cordón blanco.</p><p>Se acaban los tuppers sueltos rodando por la mochila: el bocadillo, la fruta y la botella van juntos en la bolsa mediana, y si algo gotea el <strong>interior engomado</strong> lo frena. Se abre y se cierra con un tirón del cordón.</p><ul><li><strong>Chupetera</strong>: la pequeña, para el chupete y algún tesoro de bolsillo.</li><li><strong>Bolsa de almuerzo</strong>: la mediana, para el desayuno de media mañana.</li><li><strong>Bolsa de muda</strong>: la grande, para el recambio entero de ropa.</li></ul><p>Con el <strong>nombre bordado</strong> dentro de una nube de tela rosa o marrón, la merienda de tu hija no se mezcla con la de nadie.</p>"
"34";"Bolsa guardería impermeable Sirena";"<p>Bolsa de guardería impermeable con una sirenita pelirroja charlando con un pez payaso, para la muda del cole y el bañador mojado de la piscina. Fondo azul de mar con burbujas, la sirena con camiseta turquesa y cola verde, y un cordón azul a juego con el agua.</p><h3>De la piscina a casa sin charcos</h3><p>El <strong>engomado interior repele el agua</strong>: el bañador y el gorro húmedos viajan en la bolsa grande sin empapar la toalla ni el resto de la mochila. Al llegar se vacía y en un rato está seca para el día siguiente.</p><p>Las otras dos medidas siguen el mismo dibujo: la <strong>chupetera</strong> para el chupete y la <strong>bolsa de almuerzo</strong> para la fruta y el bocadillo de la excursión.</p><p>Pide el nombre bordado y va dentro de una <strong>nube de tela</strong>, marrón o rosa: así la sirena de tu hija no se confunde con la de su amiga en el vestuario.</p>"
"35";"Chándal azul Sirenita";"<p>Chándal infantil azul celeste con una sirena rubia y su gato de cola de pez estampados en el pecho, para bebés y niños de 0 a 4 años.</p><p>La sudadera lleva las <strong>mangas ranglán y el cuello en azul</strong> y el cuerpo en beige, con el dibujo dentro de un círculo: la sirena con una estrella en el pelo y el gato entre olas y burbujas. El pantalón es liso, del mismo azul, con <strong>cintura elástica</strong> y puños en las mangas.</p><p>Si quieres, se le añade el <strong>nombre bordado</strong> del peque.</p>"
"36";"Chándal azul Panda";"<p>Conjunto de sudadera y pantalón azul celeste con un oso panda estampado en el pecho, para bebés y niños de 0 a 4 años.</p><p>El panda está sentado sobre un fondo de rayas celestes, con un globo en forma de corazón rosa y cerezas y fresas alrededor. El estampado va en el cuerpo beige de la sudadera; las mangas, el cuello y el pantalón son del mismo azul liso.</p><p>Pantalón con <strong>goma en la cintura</strong> para cambiarlo sin pelea. Opcionalmente, con el <strong>nombre bordado</strong>.</p>"
"37";"Chándal rojo Sakura";"<p>Chándal rojo Sakura para niños y niñas de 0 a 4 años, con una muñeca japonesa entre flores de cerezo estampada en el pecho de la sudadera.</p><p>Sakura es una niña de pelo negro recogido en dos moños que sujeta una flor rosa, sobre un círculo verde agua con lunares. La sudadera combina el <strong>cuerpo beige</strong> con las <strong>mangas y el cuello en rojo</strong>, y el pantalón va en rojo liso con cintura elástica.</p><p>Se puede pedir con el nombre del peque bordado.</p>"
"38";"Chándal rojo Panda";"<p>Sudadera y pantalón rojos con un panda de dibujos en el pecho, un chándal infantil de manga larga en tallas de 0 a 4 años.</p><p>El oso blanco y negro aparece sentado con un corazón rosa a modo de globo, rodeado de cerezas, sobre franjas celestes que contrastan con el rojo de mangas, cuello y pantalón. El cuerpo de la sudadera es beige claro, para que el dibujo destaque.</p><p><strong>Cintura elástica</strong> en el pantalón y <strong>puños</strong> en las mangas. Con el nombre bordado, si lo quieres marcar para la guardería.</p>"
"39";"Chándal pistacho Zombi";"<p>Chándal verde pistacho con una pandilla de zombis de dibujos animados en el pecho, para bebés y peques de 0 a 4 años.</p><p>Los zombis, uno verde, otro amarillo y otro con el pelo morado de punta, salen de noche bajo una luna llena, sobre un círculo azul verdoso con rayos de fondo. Un dibujo simpático, sin nada de miedo.</p><p>La sudadera lleva <strong>mangas ranglán en verde</strong> sobre cuerpo beige, y el pantalón es verde liso con <strong>goma en la cintura</strong>. Nombre bordado opcional.</p>"
"40";"Chándal pistacho Sakura";"<p>Conjunto infantil verde pistacho con la niña Sakura entre flores de cerezo en el pecho, sudadera y pantalón para los peques de 0 a 4 años.</p><p>El estampado, en un círculo verde agua con lunares, muestra a Sakura con sus dos moños negros y una flor rosa en la mano. Va sobre el <strong>cuerpo beige</strong> de la sudadera, mientras las mangas, el cuello y el pantalón son del mismo verde vivo.</p><p>Cintura con goma en el pantalón. Se puede añadir el <strong>nombre bordado</strong>.</p>"
"41";"Chándal naranja Zombi";"<p>Chándal naranja Zombi para bebés y niños de 0 a 4 años, con un grupo de zombis de dibujos estampado en el pecho de la sudadera.</p><p>Sobre el <strong>cuerpo beige</strong> de la sudadera, el círculo del estampado enseña a los zombis en su noche de luna llena, en tonos verdes, amarillos y morados sobre fondo azul verdoso. Mangas ranglán, cuello y pantalón en <strong>naranja intenso</strong>, con cintura elástica.</p><p>Con el nombre bordado, si quieres que no se pierda en la escuela infantil.</p>"
"42";"Chándal naranja Sirenita";"<p>Sudadera y pantalón naranjas con la Sirenita y su gato estampados en el pecho, chándal para bebés y niños de hasta 4 años.</p><p>La sirena rubia, con una estrella azul en el pelo, nada entre olas y burbujas junto a un gato gris con cola de pez, dentro de un círculo azul claro. El estampado ocupa el <strong>cuerpo beige</strong> de la sudadera; mangas ranglán, cuello y pantalón van en naranja liso.</p><p><strong>Cintura elástica</strong> en el pantalón. Nombre bordado opcional.</p>"
"43";"Bolsa guardería impermeable Sakura";"<p>Saco impermeable de guardería con Sakura, una niña de kimono rosa entre cerezos en flor, para regalar en el inicio de curso con el nombre bordado. La lámina va entera en rosas suaves: melena negra con flores de cerezo prendidas, kimono con estampado floral y ramas en flor desenfocadas al fondo. Cordón blanco.</p><p>Como regalo de septiembre funciona porque resuelve algo: la escuela infantil pide una bolsa para la ropa de recambio y esta llega con el nombre puesto, lista para colgar en la percha el primer día.</p><p>Es <strong>ligera y seca rápido</strong>, con un solo compartimento y <strong>cierre de cordón</strong> que vale de asa para colgarla del carrito. Se ofrece en las tres medidas: la mini para el chupete, la pequeña para el almuerzo y la grande para la muda completa.</p><p>El nombre lo bordamos en Barcelona, en nuestro propio taller, dentro de una <strong>nube de tela rosa o marrón</strong> que queda preciosa sobre la lámina en rosa.</p>"
"44";"Babero Búho";"<p>Babero Búho de rizo de algodón con una familia de búhos sobre cuadros verdes, ribete pistacho y cintas para atar al cuello. Mamá búho rosa, papá búho azul y el pequeño naranja miran desde una rama, con un corazón encima, en la franja de cuadros vichí de abajo; el resto del babero es rizo blanco.</p><h3>Rizo por delante, para las papillas</h3><p>El <strong>rizo de algodón</strong> chupa la cucharada que se escapa y el chorrito del biberón antes de que empape el body. Es suave para pasarlo por la barbilla cuando acaba.</p><p>Las <strong>cintas</strong> se atan en la nuca con un lazo y no hay nada rígido que le moleste al recostarse. Sirve desde los primeros purés hasta los tres años.</p><p>El <strong>bies verde pistacho</strong> va a juego con el estampado. Si pides el nombre, lo bordamos en nuestro taller de Barcelona dentro de una nube de tela, marrón o rosa, y la familia de búhos gana un miembro más.</p>"
"45";"Body bebé Vader";"<p>«¿Quién es tu papi?», pregunta el body negro de bebé Vader, con el casco dibujado en trazo blanco en el pecho, para bebés de 3 a 18 meses. Es el regalo que un padre fan se hace a sí mismo, y el body con el que va a salir en la primera foto de los dos juntos.</p><p>El casco ocupa el centro y la pregunta va debajo, en letras redondeadas. El fondo negro perdona la mancha de la papilla mucho mejor que un body claro, y con una ranita gris o unos vaqueros queda el conjunto completo del pequeño aprendiz.</p><p>Por dentro es <strong>algodón orgánico peinado</strong>, suave con la piel del recién nacido. Los <strong>corchetes del hombro</strong> abren el cuello para meterle el body sin tirarle de la cabeza, que con un casco así tiene su gracia.</p><p>Si quieres que quede claro de quién es, añade el <strong>nombre bordado</strong> del bebé: se hace a máquina y es opcional.</p>"
"46";"Body bebé Amor infinito blanco";"<p>Body blanco de bebé Amor infinito, con el símbolo del infinito y un corazón en el pecho, para los primeros días en casa y la primera foto en brazos. El dibujo va en negro, con «Amor» arriba e «Infinito» abajo en una letra fina de caligrafía, y sobre el blanco queda limpio y elegante.</p><ul><li><strong>Algodón orgánico peinado</strong>, sin nada que raspe en la piel de las primeras semanas.</li><li><strong>Corchetes en el hombro</strong> para pasarlo sin apretarle la cabeza a un recién nacido.</li><li><strong>Tres corchetes abajo</strong> para cambiar el pañal sin desvestirlo del todo.</li></ul><p>Blanco y negro combina con cualquier pantalón, leotardo o ranita que ya tengas preparado, así que no obliga a nadie a hacer conjunto.</p><p>Si lo pides con el nombre del bebé bordado, el mensaje ya lleva la dedicatoria puesta desde el primer día.</p>"
"47";"Body bebé Baby Rock";"<p>«Baby, I will rock you»: body negro de bebé Baby Rock, con las letras blancas de banda de rock partidas por un rayo, para peques de 3 a 18 meses. Es el body del bebé que tiene camiseta de grupo antes de saber andar, y de los padres que quieren ir a juego en la foto.</p><p>«BABY» va grande, con el rayo en medio de las letras, y «I will rock you» debajo, en blanco sobre negro como en las portadas de los discos de siempre. Con unos vaqueros pequeños y unas zapatillas ya está listo para su primer concierto, aunque sea en el salón.</p><p>Debajo del estampado hay <strong>algodón orgánico peinado</strong>, que es lo que toca la piel. Los <strong>tres corchetes de la entrepierna</strong> se abren con una mano para cambiar el pañal sin quitarle el body ni interrumpir el recital.</p><p>El nombre del bebé se puede <strong>bordar a máquina</strong> en nuestro taller de Barcelona, como el de la estrella en la puerta del camerino. Es opcional.</p>"
"48";"Body bebé El Padrino";"<p>El regalo con el que el padrino se presenta en el bautizo: body negro de bebé El Padrino, con «My Godfather Loves Me» en letras blancas. Encima de la frase, una mano sujeta desde arriba los hilos de los que cuelgan estrellas y juguetes, como si moviera un móvil de cuna, y «Godfather» va en letra ligada, más grande que el resto.</p><ul><li><strong>Algodón orgánico peinado</strong>, suave para estrenarlo el mismo día de la ceremonia.</li><li><strong>Corchetes en el hombro</strong>: se viste sin tirarle de la cabeza y sin llantos justo antes de la foto.</li><li><strong>Tres corchetes en la entrepierna</strong> para el cambio de pañal de después del banquete.</li></ul><p>El negro con letras blancas se lleva bien con cualquier cosa que ya tenga en el armario, y sirve para muchas más ocasiones que el bautizo.</p><p>Si el padrino quiere rematar el detalle, puede pedirlo con el <strong>nombre bordado</strong> del ahijado o la ahijada.</p>"
"49";"Body bebé Milk Mom Rock";"<p>Leche, mamá y rock and roll: las tres prioridades de un bebé, en letras blancas de cartel de los setenta sobre el body negro de bebé Milk Mom Rock. La frase original, «Milk, Mom and Rock'n'Roll», va rodeada de estrellitas y es un homenaje a la madre que sostiene las tres cosas a la vez.</p><h3>Para la madre rockera</h3><p>Es el body para la que no piensa cambiar la música de casa porque haya llegado un bebé. Las estrellas repartidas alrededor le dan aire de cartel de concierto, y en negro combina con lo que ya tenga: leotardos, vaqueros o una ranita gris.</p><p>El <strong>algodón orgánico peinado</strong> va pegado a la piel sin picar, y los <strong>corchetes del hombro</strong> ensanchan el cuello para vestirlo sin tirones, un detalle que a las tres de la mañana se agradece.</p><p>Con el <strong>nombre bordado</strong>, opcional, ya sabe todo el mundo quién es el cabeza de cartel.</p>"
"50";"Body bebé liso Rosa";"<p>Body de bebé liso rosa, sin estampado, la base perfecta para que el nombre bordado sea el único dibujo, en tallas de 3 a 18 meses. Sin nada más en la tela, las letras se leen de lejos y el body pasa a ser suyo y de nadie más.</p><p>El rosa es claro, de chicle suave, y va bien con blanco, con gris y con vaqueros. Al no llevar estampado, tampoco hay dibujo que pase de moda antes de que se le quede pequeño.</p><p>El <strong>algodón orgánico peinado</strong> es suave en la piel de los primeros meses, y los <strong>tres corchetes de la entrepierna</strong> hacen el cambio de pañal rápido, sin quitarle nada por arriba.</p><p>El <strong>nombre bordado</strong> se añade al pedirlo: lo bordamos a máquina con el hilo y la letra que mejor lucen sobre el rosa, hasta 30 caracteres.</p>"
"51";"Body bebé liso Azul celeste";"<p>Body de bebé liso azul celeste, sin estampar, el básico de la muda de la escuela infantil, de los que nunca sobran en el casillero. Un celeste suave, a medio camino entre el azul bebé y el cielo de una mañana despejada, que combina con casi todo lo que ya hay en el cajón.</p><ul><li><strong>Corchetes en el hombro</strong>, que las educadoras agradecen en cada cambio: se abre el cuello y no hay que tirar de la cabeza.</li><li><strong>Tres corchetes en la entrepierna</strong> para el pañal, sin desvestir al peque del todo.</li><li><strong>Algodón orgánico peinado</strong>, suave y sin nada que raspe, para llevarlo pegado a la piel toda la mañana.</li></ul><p>Sin dibujo, vale igual con un pantalón de chándal que con unos leotardos, y acaba siendo el que siempre está en la bolsa de recambio.</p><p>Para que no se lo pongan a otro niño por error, pídelo con el <strong>nombre bordado</strong>: es la etiqueta que no se despega.</p>"
"52";"Body bebé liso Blanco";"<p>Body de bebé blanco liso, sin estampado ni dibujo, el que sale en la foto del anuncio, en la sesión de recién nacido y en el álbum familiar. Blanco entero, del cuello a los corchetes, para que en la imagen lo único que se vea sea el bebé.</p><p>Es también el que va debajo de todo: del peto de pana, del vestido de la boda o del jersey que tejió la abuela. Y el que se pone solo, en los días de calor, con el pañal y poco más.</p><p>El <strong>algodón orgánico peinado</strong> es suave en la piel de un recién nacido, y con los <strong>corchetes del hombro</strong> se pasa por la cabeza sin agobiar al bebé, que en una sesión de fotos ya tiene bastante.</p><p>Si quieres que en la foto salga también su nombre, lo <strong>bordamos a máquina</strong> en el taller de Barcelona: sobre blanco se lee al primer golpe de vista.</p>"
"53";"Body bebé liso Negro";"<p>Negro liso y sin estampado, el body de bebé del color que combina con todo lo que ya hay en el armario y rompe con el rosa y el celeste de siempre. Negro de arriba abajo, con el cuello y la entrepierna del mismo tono, para vestirlo con lo que tengas a mano y que siempre parezca a propósito.</p><h3>El que combina con todo</h3><p>Con vaqueros, con un pantalón de rayas, con unos leotardos mostaza o debajo de un peto: el negro los junta a todos. Y para los padres que visten de negro, es la manera de ir a juego sin disfrazar a nadie.</p><p>Bajo el color va el <strong>algodón orgánico peinado</strong>, suave de verdad en el cuello y la barriga del bebé, y los <strong>tres corchetes de la entrepierna</strong> para cambiar el pañal sin pelearse con el body.</p><p>El <strong>nombre bordado</strong> es opcional, y sobre negro el hilo destaca tanto que parece parte del diseño.</p>"
"54";"Body bebé liso Rojo";"<p>Un body de bebé rojo liso, sin estampar, es el regalo de nacimiento que no obliga a saber si es niño o niña y alegra cualquier cajón de recién nacido. Un rojo vivo, de bandera, sin nada impreso, que en un bebé de meses llama más la atención que cualquier dibujo.</p><ul><li><strong>Algodón orgánico peinado</strong>, suave para la piel de quien lo estrena la primera semana.</li><li><strong>Corchetes en el hombro</strong>: el cuello se abre y el body entra sin pasar por la cara.</li><li><strong>Tres corchetes en la entrepierna</strong>, para el cambio de pañal sin desnudarlo.</li></ul><p>Con vaqueros, con un peto de pana o con leotardos blancos, y en diciembre es el body de las fotos de Navidad sin tener que buscar nada más.</p><p>Y si el regalo va con el <strong>nombre bordado</strong>, ya no hace falta tarjeta: el hilo sobre el rojo lo dice todo.</p>"
"55";"Body bebé iPood";"<p>«Cámbiame», dice la rueda gris del body de bebé iPood, blanco, con el juego de palabras que entiende cualquiera que haya cambiado un pañal. Es el body que avisa a quien esté más cerca, y el guiño lo pillan todos los que tuvieron uno de aquellos reproductores de música con rueda.</p><p>Todo va en gris sobre blanco, discreto hasta que lo lees. El nombre del aparato arriba, la rueda con los botones de retroceder, avanzar y reproducir debajo, y la orden bien clara en el centro.</p><p>Y como el body lo pide, se cumple rápido: los <strong>tres corchetes de la entrepierna</strong> se abren con una mano y el pañal se cambia sin quitarle nada más. El <strong>algodón orgánico peinado</strong> no raspa en la barriga ni en el cuello.</p><p>El <strong>nombre bordado</strong> es opcional, para que en la guardería sepan de quién es el reproductor.</p>"
"56";"Body bebé Perezoso";"<p>«Dormir, comer, repetir» es el plan de un recién nacido, y lo lleva escrito en una cinta el perezoso sonriente del body de bebé Perezoso, en blanco. El animal va dibujado en negro, con los ojos medio cerrados y la cinta sujeta entre las garras, como quien no tiene ninguna intención de moverse de ahí.</p><ul><li><strong>Algodón orgánico peinado</strong>, suave para dormir encima muchas horas, que es lo que toca.</li><li><strong>Corchetes en el hombro</strong>, para cambiarlo de body sin despertarlo del todo.</li><li><strong>Tres corchetes en la entrepierna</strong>, porque entre «dormir» y «repetir» hay un pañal que cambiar.</li></ul><p>Blanco con dibujo en negro, combina con lo que sea y queda bien en la foto de la siesta, que va a ser la más repetida de los primeros meses.</p><p>El <strong>nombre bordado</strong> es opcional, y sobre el blanco se lee incluso con los ojos medio cerrados.</p>"
"57";"Body bebé Low Battery";"<p>Dos baterías dibujadas en negro, la del bebé a tope y marcada «Yo», la de «Mis papis» vacía y tachada: body blanco de bebé Low Battery, de 3 a 18 meses. El resumen más exacto de los primeros meses en casa, y el body con el que los padres se ríen de sí mismos en la foto de las ocho de la mañana.</p><p>Las dos pilas van una encima de la otra, en trazo negro sobre blanco, y las palabras en una letra manuscrita que parece escrita a esas horas. Un regalo que suele acertar para los amigos que acaban de tener el primero.</p><p>El <strong>algodón orgánico peinado</strong> es suave para la piel del bebé, y los <strong>corchetes del hombro</strong> permiten vestirlo medio dormido, a él y a ti, sin pasarle el cuello por la cabeza.</p><p>Si lo quieres con el <strong>nombre bordado</strong>, lo hacemos a máquina aquí, en el taller; es opcional y se elige al hacer el pedido.</p>"
"58";"Body bebé On Off";"<p>Para el bebé que no trae botón de apagado: body negro de bebé On Off, con el símbolo de encendido en blanco y las palabras «On / Off» debajo. El chiste va para los padres: el símbolo es el de cualquier aparato, y todos hemos buscado ese botón alguna noche.</p><h3>El botón que todos hemos buscado</h3><p>El dibujo, grande y en blanco, ocupa el centro del pecho sobre un negro liso; se lee de lejos y queda igual de bien con vaqueros que con un pantalón de chándal. Es el regalo para los amigos que acaban de estrenarse como padres y todavía conservan el sentido del humor.</p><p>Lo que sí funciona son los <strong>corchetes</strong>: los del hombro abren el cuello para vestirlo sin tirar de la cabeza, y los <strong>tres de la entrepierna</strong> hacen el cambio de pañal en un momento. El <strong>algodón orgánico peinado</strong> va suave contra la piel.</p><p>Con el nombre del bebé <strong>bordado a máquina</strong> en nuestro taller, opcional, el botón ya tiene dueño.</p>"
"59";"Body bebé Hombrecito";"<p>Bigote negro enorme y «Hombrecito» en letras universitarias sobre un body blanco de bebé, para anunciar que el hombrecito de la casa ya está aquí. Es el body de la foto que se manda al grupo de la familia el primer día, y el que se guarda para el álbum hasta que llegue el bigote de verdad, dentro de veinte años.</p><p>El estampado va en negro sobre blanco, sin más colores: la palabra arriba, con el contorno doble de las camisetas de equipo, y el bigote con las puntas curvadas hacia arriba, como el de un caballero de otra época.</p><p>Debajo, <strong>algodón orgánico peinado</strong> que no raspa en la piel de un recién nacido. Los <strong>corchetes del hombro</strong> abren el cuello para pasárselo sin agobios, y los <strong>tres de abajo</strong> resuelven el pañal sin desvestirlo.</p><p>Para que el anuncio lleve también su <strong>nombre bordado</strong>, pídelo al hacer el pedido: es opcional y lo bordamos a máquina en Barcelona.</p>"
"60";"Body bebé Love";"<p>Body rosa de bebé Love, con la palabra en letras negras de trazo geométrico y un corazón en lugar de la «o», para el día a día de la peque. Las letras son solo contorno, con el corazón grande en el centro y otro pequeño relleno dentro, así que el rosa de la tela se ve a través del dibujo.</p><ul><li><strong>Algodón orgánico peinado</strong>, suave para llevarlo todo el día pegado a la piel.</li><li><strong>Corchetes en el hombro</strong> para vestirla sin tirar de la cabeza, aunque ya proteste.</li><li><strong>Tres corchetes en la entrepierna</strong> que hacen el cambio de pañal rápido y sin desvestirla.</li></ul><p>El rosa claro con negro combina con lo que ya tienes: leotardos negros, una falda vaquera, un pantalón gris. No pide nada nuevo a juego.</p><p>Y con el <strong>nombre bordado</strong>, opcional, el mensaje ya tiene destinataria.</p>"
"61";"Body bebé Amor infinito";"<p>Body rosa de bebé Amor infinito, con el símbolo del infinito y un corazón en fucsia sobre el pecho, el regalo con el que los abuelos lo dicen todo. Sobre el rosa claro de la tela, el fucsia del dibujo y de las palabras «Amor» e «Infinito», en letra de caligrafía, destaca sin estridencias.</p><p>El símbolo del infinito con el corazón dentro es de esos mensajes que no necesitan explicación: es lo que dicen unos abuelos, unos padrinos o una tía cuando llega una niña a la familia. Va en fucsia y no en negro, así que el conjunto es rosa de arriba abajo.</p><p>El <strong>algodón orgánico peinado</strong> va suave pegado a la piel de los primeros meses. Los <strong>corchetes en el hombro</strong> ensanchan el cuello para vestirla sin tirar de la cabeza, y los <strong>tres de la entrepierna</strong> hacen del cambio de pañal cosa de un minuto.</p><p>Si además va con su <strong>nombre bordado</strong>, opcional, el regalo ya está dedicado antes de envolverlo.</p>"
"62";"Body bebé Feliz";"<p>Una carita amarilla riéndose a carcajadas y «Estoy Feliz» escrito encima y debajo, en un body celeste de bebé que pone de buen humor a quien lo lee. El amarillo sobre el azul cielo es la combinación de un día de sol, y el mensaje, de los que devuelven la sonrisa sin querer.</p><h3>El diseño</h3><p>La carita ríe con la boca abierta de oreja a oreja, en un amarillo vivo que resalta sobre el celeste. «Estoy» va arriba y «Feliz» abajo, en una letra redondeada y desenfadada. Es un body que anima la fila entera de la guardería.</p><p>El <strong>algodón orgánico peinado</strong> es suave para llevarlo puesto todo el día. Los <strong>corchetes del hombro</strong> lo hacen fácil de poner y los <strong>tres de la entrepierna</strong>, fácil de cambiar, con lo que la sonrisa no se estropea en el cambiador.</p><p>Con el <strong>nombre bordado</strong>, opcional, no hay duda de quién es la personita feliz de la casa.</p>"
"63";"Pantalón de chándal";"<p>Pantalón de chándal del uniforme de la escuela Salesians Horta, en azul marino con un vivo naranja en el costado, de 3 a 14 años y tallas de adulto.</p><p>Tejido de poliéster, <strong>cintura elástica con cordón</strong> para ajustarlo y <strong>bolsillos</strong> a los lados. El vivo naranja recorre la pierna entera, de la cintura al bajo.</p><p>Es el pantalón del chándal obligatorio para educación física y salidas; el conjunto completo con la chaqueta está disponible aparte.</p>"
"64";"Chaqueta de chándal";"<p>Chaqueta de chándal de la escuela Salesians Horta, marina con franja naranja horizontal y hombros blancos, cremallera entera y logotipo en el pecho.</p><p>El <strong>cuello alto</strong> lleva también el logotipo, y la <strong>franja naranja</strong> cruza el pecho a la altura de la cremallera. Los <strong>puños son elásticos</strong> y el bajo se ajusta con un cordón.</p><p>Forma parte del chándal obligatorio para educación física y salidas. Va de la talla 4 a la 14 y sigue en adulto hasta la XL.</p>"
"65";"Chándal";"<p>Chándal completo de la escuela Salesians Horta, chaqueta y pantalón marinos con detalles naranjas y blancos, obligatorio para educación física y salidas.</p><ul><li><strong>Chaqueta</strong> con cremallera entera, cuello alto, paneles blancos en los hombros y franja naranja en el pecho; logotipo del colegio en el pecho y en el cuello.</li><li><strong>Pantalón</strong> con vivo naranja lateral, cintura con goma y cordón, y el logotipo en la pierna derecha.</li></ul><p>Disponible desde los 3 años hasta la talla XL de adulto. Las dos piezas se venden también sueltas.</p>"
"66";"Camiseta corta";"<p>Camiseta blanca de manga corta del uniforme de la escuela Salesians Horta, con el cuello y el remate de las mangas en azul marino, de 2 a 14 años y adulto.</p><p>El <strong>cuello redondo</strong> y las mangas acaban en un <strong>elástico marino</strong> que contrasta con el blanco. El logotipo del colegio, la casita naranja con el tejado azul, va sobre el pecho izquierdo.</p><p>Se combina con el pantalón corto marino y con el chándal de la escuela. Empieza en la talla 2 y llega hasta la XL de adulto.</p>"
"67";"Pantalón corto";"<p>Pantalón corto técnico del uniforme de la escuela Salesians Horta, marino con dos franjas laterales, una naranja y otra blanca, de 3 a 14 años y adulto.</p><p><strong>Tejido técnico transpirable</strong> y ligero, con <strong>cintura elástica y cordón</strong>. Las dos franjas bajan por cada costado, la naranja por fuera y la blanca pegada al marino, y asoman también en la cintura.</p><p>Es la alternativa corta al pantalón largo del chándal, en tallas de la 4 a la 14 y de adulto hasta la XL.</p>"
"68";"Body bebé Pink Ladies";"<p>Hay una chica nueva en la pandilla: body rosa de bebé Pink Ladies, con el nombre en letra cursiva negra e inclinada sobre el pecho. Es el body para anunciar que ha llegado una más al grupo de madre, hermanas y tías, y para la foto de todas juntas.</p><ul><li><strong>Algodón orgánico peinado</strong>, suave para una recién llegada a la que todo le queda grande todavía.</li><li><strong>Corchetes en el hombro</strong>: el cuello se abre y el body se pone sin pasarle nada por la cara.</li><li><strong>Tres corchetes en la entrepierna</strong> para el cambio de pañal sin quitárselo.</li></ul><p>Rosa chicle con letras negras, va con leotardos negros, con vaqueros y con la cazadora pequeña que alguien acabará regalándole.</p><p>Y si quieres que la nueva del grupo lleve su nombre, lo <strong>bordamos a máquina</strong> en nuestro taller de Barcelona; es opcional.</p>"
"69";"Body bebé Princesa";"<p>Body rosa de bebé Princesa, con una corona de corazones en fucsia y la palabra debajo en letra de cuento, para el bautizo o el primer cumpleaños. La tiara está hecha de cinco corazones, el del centro más grande, y el fucsia sobre el rosa claro queda festivo sin recargar.</p><p>Es el body de las ocasiones con fotos y familia: se lleva solo, con unos leotardos blancos, o debajo de un vestido de tul cuando toca ir de gala de verdad. Y después de la fiesta sigue valiendo para un martes cualquiera.</p><p>El <strong>algodón orgánico peinado</strong> es suave para una piel de pocos meses, y con los <strong>corchetes del hombro</strong> se viste sin tirar de la cabeza ni deshacer el peinado del día.</p><p>El nombre de la princesa se puede <strong>bordar a máquina</strong> en nuestro taller; es opcional y convierte el body en su título oficial.</p>"
"70";"Camiseta larga";"<p>Camiseta de manga larga blanca de la escuela Salesians Horta, con cuello redondo y puños en azul marino y el logotipo del colegio en el pecho.</p><p>Misma camiseta que la de manga corta, para el invierno: blanca, con el <strong>cuello en elástico marino</strong> y los <strong>puños marinos</strong> que la cierran en la muñeca. El logotipo va en el lado izquierdo del pecho.</p><p>Tallas desde los 2 años hasta los 14 y de adulto de la XS a la XL.</p>"
"71";"Bata saquito P3";"<p>Bata saquito de la escuela Salesians Horta para P3, en raya verde y blanca, sin botones: se pone por la cabeza gracias al cuello fruncido con elástico.</p><p>El <strong>cuello es verde liso</strong>, con un volante que cede al pasarla, y las mangas largas terminan en puño elástico. Delante, un <strong>bolsillo grande azul eléctrico</strong> con el logotipo del colegio, a la altura de la barriga.</p><p>Tallas 2 y 4, para los 2 a 4 años.</p>"
"72";"Bata botones P4 - P5";"<p>Bata escolar de botones para P4 y P5 de la escuela Salesians Horta, de rayas verdes y blancas con dos bolsillos de colores, uno azul y otro naranja.</p><p>Se abrocha por delante con <strong>botones de colores</strong>, naranja, azul y verde, sobre la misma raya. Cuello camisero, canesú y <strong>puños con elástico</strong>.</p><p>El bolsillo azul de la izquierda lleva el logotipo del colegio; el naranja de la derecha va liso. Tallas de 2 a 6 años.</p>"
"73";"Bata botones primaria";"<p>Bata de primaria de la escuela Salesians Horta, de raya fina verde y blanca con botones blancos, cuello camisero y dos bolsillos de la misma raya.</p><p>A diferencia de la de P4 y P5, aquí los <strong>bolsillos son de la propia raya</strong>, uno a cada lado a la altura de la cadera, y el logotipo del colegio queda pequeño sobre el canesú, en el lado izquierdo del pecho. <strong>Puños con elástico</strong>.</p><p>Va de la talla 4 a la 14, de 3 a 14 años: la única de las tres batas que llega a los cursos altos.</p>"
"74";"Mochila parvulari";"<p>Mochila de parvulario de la escuela Salesians Horta, en tela de rayas verdes y blancas con el frontal azul eléctrico y el logotipo del colegio.</p><p>Es un saco con <strong>solapa de la misma raya</strong> que cierra con un botón naranja, <strong>asa superior naranja</strong> para colgarla en la percha y tirantes azules para llevarla a la espalda. Los laterales llevan un detalle en naranja.</p><p>Talla única, a juego con la bolsa de recambio y las batas de la escuela.</p>"
"75";"Bolsa recambio";"<p>Bolsa de recambio de la escuela Salesians Horta, saco de rayas verdes y blancas con cierre de cordón y bolsillo azul eléctrico con el logotipo.</p><p>Sirve para la <strong>muda de ropa</strong> que se queda en el colegio. El <strong>cordón blanco</strong> de la boca la cierra y permite colgarla, y el bolsillo azul del frente lleva la casita naranja del logotipo de Salesians Horta.</p><p>Talla única. Misma tela que la mochila de parvulario y las batas, para que las tres piezas combinen.</p>"
"76";"Body bebé Traje Smoking";"<p>Para ir de gala a la boda o al bautizo: body negro de bebé Traje Smoking, con pechera blanca, corbata, botones y pañuelo estampados. Todo el traje va impreso en el pecho: la pechera en pico, la corbata negra, tres botones y el pañuelo blanco asomando por el bolsillo. Un esmoquin que se pone en diez segundos y se cambia igual de rápido.</p><ul><li><strong>Algodón orgánico peinado</strong>: lo que toca la piel es suave, aunque parezca un traje.</li><li><strong>Corchetes en el hombro</strong> para vestirlo sin tirar de la cabeza justo antes de entrar en la iglesia.</li><li><strong>Tres corchetes en la entrepierna</strong>, porque el banquete es largo y el pañal no espera.</li></ul><p>Con un pantalón negro o gris ya tiene el conjunto de invitado, y va cómodo toda la celebración mientras los mayores se aflojan el nudo.</p><p>Si el invitado tiene que llevar su nombre, se lo <strong>bordamos a máquina</strong> en el taller, en Barcelona, opcional, como la tarjeta de la mesa.</p>"
"77";"Body bebé Keep Calm";"<p>Body de bebé Keep Calm en rosa claro con el mensaje «Papi keep calm and call mami» bajo una corona, de algodón orgánico, de 3 a 18 meses. Letras y coronita van en negro sobre el rosa, y el chiste se entiende a la primera: cuando el llanto no para, papi respira hondo y llama a mami.</p><p>Un regalo para el padre que estrena guardias nocturnas, o para la madre que prefiere dejarlo por escrito. Por dentro es <strong>algodón orgánico peinado</strong>, suave con una piel de pocas semanas.</p><p>Los <strong>corchetes del hombro</strong> abren el cuello para vestirlo sin forcejeos, y los tres de la entrepierna dejan cambiar el pañal sin quitarle nada más. Con un pantalón gris o unos leotardos blancos está listo para la foto.</p><p>Si quieres rematar el detalle, añade el nombre del bebé bordado: la letra y el hilo los combinamos nosotros con la prenda.</p>"
"78";"Bata babi escolar Caperucita Roja";"<p>Bata babi escolar Caperucita Roja de vichí rojo y blanco con bies pistacho, con la niña de la capa roja y su lobito en el bosque, de 4 a 10 años. El cuadro rojo es de los que perdonan: una mancha de rotulador o de zumo se pierde entre los cuadros hasta que llega a casa.</p><ul><li><strong>Botones pistacho</strong> por delante, del mismo verde que el ribete del cuello y del bolsillo.</li><li><strong>Puños con elástico</strong> que sujetan la manga cuando remangan el brazo para pintar.</li><li><strong>Bolsillo lateral</strong> de cuadros con el vivo verde, para guardar el pañuelo.</li></ul><p>El panel estampado cuenta el cuento a su manera: fondo verde de bosque, troncos claros y una Caperucita de melena castaña con un lobo de peluche en brazos, más amigo que amenaza.</p><p>La confeccionamos en nuestro taller de Barcelona, y si quieres el nombre bordado en el pecho, también lo hacemos allí.</p>"
"79";"Bata escolar Dragón";"<p>Bata escolar Dragón para las clases de plástica, en cuadro ventana azul con bies rojo y un dragón de alas enormes frente a un caballero, de 4 a 10 años. La témpera, la cola y la arcilla se quedan en el babi; el jersey de debajo sale de clase como entró.</p><h3>El diseño</h3><p>Medio delantero es un panel a todo color: el dragón azul enseña los dientes desde arriba, un caballero rubio le planta cara con espada y escudo, y por el aire vuelan gemas rojas, verdes y moradas. La otra mitad, un cuadro fino azul con botones rojos y un <strong>bolsillo rematado en rojo</strong>.</p><p>Los <strong>puños con goma</strong> aguantan la manga arriba mientras trabajan con las manos, y los botones delanteros permiten quitárselo solo al acabar, con los dedos aún pegajosos.</p><p>Añade el nombre bordado en el pecho, opcional, para que su dragón no acabe en la percha de otro guerrero.</p>"
"81";"Bata escolar Alicia";"<p>Bata escolar Alicia con una niña rubia de vestido azul y delantal blanco junto a un conejo, en tela azul de rayitas con bies naranja, de 4 a 6 años. Un babi de los que se eligen por el dibujo y se ponen sin discusión, incluso los lunes a primera hora.</p><p>El panel estampado llena medio delantero con un jardín de setas rojas de puntos blancos y un castillo al fondo, todo en colores vivos. En la otra mitad, la raya azul clara y un <strong>bolsillo con vivo naranja</strong>.</p><p>Botones naranjas de contraste: se ven bien y se abrochan bien, que a los 4 años es media batalla ganada. <strong>Puños con elástico</strong> para que las mangas se queden en la muñeca en el comedor y en plástica.</p><p>¿Dos Alicias en la misma clase? Borda el nombre en el pecho, opcional, y no habrá confusión en el perchero.</p>"
"82";"Bata escolar Monster";"<p>Vichí lila con bies fucsia para la bata escolar Monster, con una chica de pelo rojo y cara de calavera y su gato negro, de 4 a 10 años. Terror de andar por casa sobre un fondo de rombos morados, pensado para el cole y para los que ya se disfrazan en octubre.</p><p>El lila del cuadro y el morado oscuro del panel estampado disimulan las manchas del día mejor que un babi claro: la de tinta o la de chocolate no cantan hasta la hora del baño. Los murciélagos del estampado ayudan a despistar.</p><ul><li><strong>Cuello con bies fucsia</strong>, del mismo color que los botones y el ribete del bolsillo.</li><li><strong>Puños con elástico</strong>, para remangar sin que la manga baje.</li><li><strong>Etiqueta interior</strong> para apuntar el nombre y la clase.</li></ul><p>Y si el nombre tiene que verse a la primera, lo bordamos en el pecho a máquina, opcional, y se lee a tres metros.</p>"
"83";"Bata babi escolar Pirata";"<p>Bata babi escolar Pirata de cuadrito naranja con bies turquesa, con un pirata rubio, su barco de bandera negra y un loro al hombro, de 4 a 10 años. El azul del mar del estampado y el naranja del vichí se dan la mano en la botonadura, turquesa como el bies.</p><p>Abrocharse solo es el primer trabajo del día en infantil, y aquí los <strong>botones turquesa</strong> destacan sobre el cuadro naranja: los ven, los cuentan y los abrochan. Con el tiempo, el de arriba deja de ser el difícil.</p><p>La <strong>tela vichí</strong> de cuadro pequeño aguanta el uso diario y los <strong>puños con elástico</strong> quedan pegados a la muñeca, sin manga por el plato. El bolsillo, con el mismo vivo turquesa, va en el lado liso.</p><p>Un pirata con su nombre bordado en el pecho no se confunde con ningún otro de la tripulación. Es opcional, con un pequeño suplemento.</p>"
"84";"Bata escolar Galaxias";"<p>Bata escolar Galaxias de vichí rojo con bies marino, con guerreros del espacio y cascos blancos entre explosiones sobre fondo oscuro, de 4 a 10 años. Un babi para el que empieza el cole con ganas de batalla y lo acaba en junio con el mismo mandilón puesto y los botones en su sitio.</p><p>Está pensado para un curso entero de patio, comedor y plástica: <strong>tejido vichí</strong> de cuadro menudo y botones naranjas por delante que se abrochan y desabrochan dos veces al día sin drama.</p><ul><li><strong>Bies marino en el cuello</strong> y el mismo ribete en el bolsillo, en contraste con el cuadro rojo.</li><li><strong>Puños con elástico</strong> para llevar la manga recogida.</li><li><strong>Panel estampado</strong> de medio delantero, con héroes de melena naranja, un guerrero de armadura roja y cascos blancos.</li></ul><p>Lo confeccionamos en Barcelona y, si quieres, bordamos allí mismo su nombre en el pecho.</p>"
"85";"Bata escolar Princesa Hielo";"<p>Bata escolar Princesa Hielo en popelín liso, una manga lila y el resto turquesa, con una princesa de pelo blanco y su muñeco de nieve, de 4 a 10 años. Es la excepción de la colección: aquí no hay cuadros, sino dos colores lisos que hacen de marco al dibujo de medio delantero.</p><h3>Lo que se ve</h3><p>Un panel a todo color con cristales de hielo que van del lila al azul, una princesa de vestido celeste y melena blanca y un muñeco de nieve con nariz de zanahoria. El <strong>bies azulón</strong> del cuello, los botones y el ribete del bolsillo ponen el tono oscuro que le faltaba.</p><p>El popelín liso es cómodo de llevar encima de la ropa toda la mañana, y los <strong>puños con elástico</strong> mantienen la manga en su sitio en el comedor.</p><p>Si en clase hay más de una princesa del hielo, el <strong>nombre bordado</strong> en el pecho, opcional, resuelve el perchero.</p>"
"86";"Bata babi escolar Superhéroe";"<p>Para pintura y plástica, un babi escolar Superhéroe de vichí multicolor con bies rojo y un héroe de capa roja volando entre rascacielos, de 4 a 10 años. El cuadrito mezcla rojo, azul y amarillo sobre blanco, así que las salpicaduras de témpera casi parecen parte del diseño, y eso relaja a cualquier padre.</p><p>Cubre el delantero completo y las mangas enteras, y los <strong>puños con elástico</strong> se quedan en la muñeca cuando meten el pincel hasta el fondo del bote. Al acabar, se desabrocha por delante y la camiseta buena sigue intacta.</p><p>El panel estampado ocupa medio delantero: cielo azul, edificios altos y un superhéroe de capa roja y antifaz que sale volando del asfalto agrietado. El <strong>bolsillo</strong>, con vivo rojo, cae en el lado de cuadros, y los <strong>botones rojos</strong> cierran el centro.</p><p>Todo superhéroe tiene nombre: el suyo puede ir bordado en el pecho, opcional, con letra bien visible.</p>"
"87";"Cojín Link";"<p>Funda de cojín con Link, un aventurero de flequillo rubio, ojos azules y túnica verde, para la habitación de un fan adolescente o adulto. La ilustración ocupa la cara entera: el pelo dorado arriba, la mirada redonda en el centro y abajo la túnica con la correa de cuero cruzada al pecho, todo sobre un fondo verde bosque.</p><p>Los verdes y el amarillo van bien con una cama de ropa lisa, blanca o gris, y no cansan aunque el gusto por los videojuegos cambie con los años.</p><p>Mide <strong>40 × 40 cm</strong> y se rellena en un momento; si no tienes un relleno de esa medida, añade el de <strong>fibra reciclada</strong> al pedido. La cara impresa es de <strong>tacto suave</strong>, parecido al algodón, y queda lisa por sí sola.</p><p>Hace pareja con el cojín Princess de la misma colección: comparten el estilo de cara cuadrada y ojos redondos, y juntos llenan un sofá pequeño.</p>"
"88";"Cojín Princess";"<p>Una princesa rubia con tiara dorada, ojos azules y vestido rosa con cinturón de oro protagoniza esta funda de cojín de 40 × 40 cm en tonos alegres. El fondo amarillo intenso enmarca la melena, la gema rosa de la corona repite el color del vestido y las hombreras redondas rematan el conjunto.</p><ul><li><strong>Amarillo, rosa y azul</strong>: combina con una colcha blanca o con una habitación en tonos pastel sin pelearse con nada.</li><li><strong>Impresión en alta definición</strong>, con los bordes del dibujo limpios incluso en las líneas finas de la tiara.</li><li><strong>Se rellena sin esfuerzo</strong>: la funda es lo que llega a casa y el relleno de fibra reciclada se añade solo si lo quieres.</li></ul><p>Junto al cojín Link, de la misma colección, forman una pareja que se reconoce de un vistazo desde la puerta.</p>"
"89";"Cojín Vegeta";"<p>Funda de cojín con Vegeta: pelo negro en pico, ceja fruncida y visor rosa sobre el ojo derecho, para coleccionar con los otros guerreros de la colección. La armadura blanca con hombreras y el traje azul cierran la parte baja, y el fondo negro hace que la cara clara y el visor destaquen desde cualquier rincón del cuarto.</p><h3>El guerrero serio de la colección</h3><p>Es la cara de pocos amigos del grupo: combina con el guerrero de pelo dorado (POP Culture 002) y con el de melena verde (POP Culture 001), los tres con el mismo trazo plano y la misma medida de 40 × 40 cm, así que en el sofá se alinean como en una estantería de figuras.</p><p>La cara impresa tiene un <strong>tacto suave tipo algodón</strong> y la tinta va en <strong>alta definición</strong>, con el brillo del visor bien definido. Se rellena en un momento; el <strong>relleno de fibra reciclada</strong> se pide aparte si no tienes uno de esa medida.</p>"
"90";"Bata escolar Aloha";"<p>Bata escolar Aloha con una bailarina hawaiana de falda de hojas y corona de flores, en vichí pistacho con una manga lisa y bies fucsia, de 4 a 8 años. Baila en la arena, con una palmera y un tótem de madera detrás: un mandilón con mucho verde y mucho sol, para el comedor y para todo lo demás.</p><p>En el comedor del cole el babi es la primera línea de defensa: las lentejas y el yogur de fresa caen en él y no en la ropa. Con el <strong>cuello de bies fucsia</strong> bien cerrado y las mangas hasta la muñeca, la camiseta de debajo llega limpia a casa.</p><ul><li><strong>Una manga lisa</strong> en pistacho y la otra de cuadros: un detalle que lo hace reconocible en la percha.</li><li><strong>Botones fucsia</strong> por delante, a contraste con el verde.</li><li><strong>Puños con elástico</strong> y bolsillo con vivo fucsia.</li></ul><p>El nombre bordado en el pecho es opcional, y en una clase de P4 es lo que evita que el babi de la hawaiana se vaya con otra familia.</p>"
"91";"Colchoneta plegable Márfega Naranja";"<p>Colchoneta plegable Márfega naranja para la siesta en la escuela infantil, con funda de tela y asas para llevarla plegada como una bolsa. Por fuera es naranja liso, un color que se localiza a la primera entre las colchonetas del aula; por dentro, la tela lleva rayas finas naranjas y blancas, y las asas van al tono.</p><p>Dentro van <strong>dos espumas de alta densidad de 3 cm</strong>, plastificadas e impermeables: un escape durante la siesta no cala al relleno, se pasa un paño y sigue. Estirada mide 120 × 53 cm, de sobra para un peque de infantil; doblada por la mitad queda un cuadrado de 57 × 53 que cabe en cualquier armario de la clase.</p><p>La funda es lavable y se quita por un <strong>velcro lateral</strong>; la cosemos en nuestro taller de Barcelona.</p><p>Si en la escuela hay más de una naranja, el <strong>nombre bordado</strong> en la funda la deja identificada para todo el curso.</p>"
"92";"Bata escolar Atrápalos";"<p>Bata escolar Atrápalos de vichí verde con bies naranja, con viñetas de cómic de un chico pelirrojo y su criatura azul de orejas largas, de 4 a 6 años. Es para los que ya coleccionan cromos y no sueltan el álbum. Los botones naranjas y el ribete del bolsillo hacen de contraste sobre el cuadro verde.</p><p>El estampado va en medio delantero como una página de tebeo: varias viñetas con el chico y la criatura azul en distintas escenas, sobre un fondo verde de cuadros que sigue por el resto del babi. El <strong>bolsillo con vivo naranja</strong> queda en el lado liso.</p><p>En el perchero de P3 y P4 se cuelgan veinte babis a la vez. Con el <strong>nombre bordado</strong> en el pecho, opcional, el suyo se distingue de lejos, y la <strong>etiqueta interior</strong> sirve para apuntarlo también por dentro.</p><p>Puños con elástico y botones delanteros: lo justo para que se lo ponga y se lo quite sin pedir ayuda.</p>"
"93";"Cojín Beetle";"<p>Un fantasma de pelo verde alborotado, ojos con espirales hipnóticas y traje a rayas, en una funda de cojín de 40 × 40 cm para quien ya lo tiene todo. La camisa magenta y la corbata negra asoman entre las rayas blancas y negras, la cara blanca ocupa el centro y el fondo verde lima remata una ilustración que no pasa desapercibida.</p><ul><li><strong>Regalo con gracia</strong>: para el fan del cine de miedo con humor que ya tiene las películas, las figuras y la camiseta, y todavía no tiene el cojín.</li><li><strong>Colores a todo trapo</strong>: verde lima, morado y magenta, para un sofá o una cama de colores lisos que pidan un punto de alegría.</li><li><strong>Suave y sin arrugas</strong>: la cara impresa recuerda al algodón y vuelve a quedar lisa después de aplastarla.</li></ul><p>Llega como funda; el relleno de fibra reciclada es opcional, por si no tienes uno de esa medida en casa.</p>"
"94";"Cojín Fighter";"<p>Para el sofá de la sala de juegos: funda de cojín con Fighter, un luchador de artes marciales con cinta roja en la frente, ceño fruncido y kimono blanco. El pelo negro de punta y el fondo oscuro concentran toda la atención en la mirada, y el cuello abierto del kimono cierra la ilustración por abajo.</p><p>Es el cojín de la partida larga: apoya la espalda mientras juegas y, cuando el mando pasa a otro, sirve de respaldo o de almohada de sofá. Mide <strong>40 × 40 cm</strong>, el tamaño justo para el hueco entre dos personas.</p><p>La cara impresa es de <strong>tacto suave</strong>, tipo algodón, y no queda marcada aunque te sientes encima. El dibujo va en <strong>alta definición</strong>, con los picos del pelo y la cinta roja bien recortados.</p><p>Su rival natural en la colección es el cojín Chunli, la luchadora de moños y vestido azul: los dos juntos montan el combate en el sofá.</p>"
"95";"Cojín POP Culture 001";"<p>Un guerrero de melena verde, ojos en blanco y una cicatriz en el pecho, impreso en una funda de cojín de 40 × 40 cm para el cuarto de un fan. El verde del pelo se repite en el fondo y en las cejas, y el torso descubierto, con los músculos dibujados a línea, ocupa la mitad baja de la funda.</p><ul><li><strong>Tercer guerrero de la colección</strong>: completa el grupo con Vegeta y con el POP Culture 002, el de pelo dorado, los tres del mismo tamaño y con la misma cara cuadrada.</li><li><strong>Impreso a todo color</strong>: la cicatriz, el brillo de los ojos y la línea del pecho se ven nítidos, sin bordes borrosos.</li><li><strong>Fácil de rellenar</strong>: llega como funda y el relleno de fibra reciclada se pide aparte, solo si te hace falta.</li></ul><p>Verde y piel sobre una cama azul marino o gris: contraste fuerte sin recargar la habitación.</p>"
"96";"Cojín Logan";"<p>Funda de cojín con Logan, un tipo duro de patillas enormes, ceño fruncido y camiseta blanca de tirantes, para el sofá o la cama de un fan adulto. El pelo negro con dos picos, el vello del pecho dibujado en espiral y el fondo marrón oscuro dan un cojín serio, casi en blanco y negro, que no parece infantil.</p><h3>El que no desentona en el salón</h3><p>Negro, crema y blanco: combina con un sofá gris, una manta de lana o una pared de ladrillo, así que puede vivir fuera del dormitorio sin que nadie pregunte. Y sirve para la <strong>cabezadita</strong>: la cara impresa es <strong>suave como el algodón</strong> y no se queda arrugada al levantarte.</p><p>Mide 40 × 40 cm y llega como funda; el <strong>relleno de fibra reciclada</strong> se añade al pedido si no tienes uno de esa medida. Un regalo para el amigo que ya tiene los cómics, la figura y la camiseta.</p>"
"97";"Cojín Joker";"<p>Un payaso villano de pelo verde, cara blanca y sonrisa pintada de rojo, en una funda de cojín de 40 × 40 cm para el fan que ya tiene de todo. El traje morado con chaleco verde y corbata a juego cierra el dibujo por abajo, los ojos ennegrecidos miran de frente y el fondo verde repite el color del pelo.</p><p>Es el cojín que se regala cuando las figuras, los pósteres y la camiseta ya están en la estantería: un villano sentado en el sofá al que nadie más ha llegado. Hace pareja con el cojín Harley, su compañera de fechorías en la misma colección.</p><p>El maquillaje corrido de los ojos y las marcas de la sonrisa salen nítidos gracias a la <strong>impresión en alta definición</strong>. La cara es de <strong>tacto suave</strong>, tipo algodón, y no se arruga. Llega como funda, <strong>fácil de rellenar</strong>; el relleno de fibra reciclada es opcional.</p>"
"98";"Cojín Harley";"<p>Funda de cojín con Harley, melena rubia con puntas azules, corazón negro en la mejilla y chaqueta roja y azul, para una habitación con carácter. El maquillaje azul y rojo alrededor de los ojos, el fondo claro y la camiseta blanca con el cuello rojo redondean una ilustración que mezcla dulzura y descaro.</p><ul><li><strong>Rojo y azul a partes iguales</strong>: la chaqueta va dividida por colores, así que combina con una cama roja, azul o blanca sin esfuerzo.</li><li><strong>Pareja con el cojín Joker</strong>: los dos villanos de la colección juntos en el sofá, morado y verde frente a rojo y azul.</li><li><strong>Tacto suave tipo algodón</strong> en la cara impresa, que queda lisa aunque pases la tarde tumbado encima.</li></ul><p>Es una funda de 40 × 40 cm que se rellena en un momento; si no tienes relleno de esa medida, súmale el de fibra reciclada.</p>"
"99";"Cojín Jack";"<p>Jack, un pirata con pañuelo rojo, rastas con cuentas de colores y barba trenzada, en una funda de cojín de 40 × 40 cm para la siesta del sofá. El bigote, la casaca azul con camisa blanca y la correa de cuero cruzada completan el personaje, y el rojo del pañuelo cubre toda la parte alta de la funda.</p><p>Cojín de sofá para el rato después de comer: la cara impresa es <strong>suave como una camiseta de algodón</strong>, no deja marcas en la cara y queda lisa sin más. Mide 40 × 40 cm, se rellena sin pelearse con la funda y el <strong>relleno de fibra reciclada</strong> se pide aparte si lo necesitas.</p><p>Rojo, azul marino y marrón: colores de camarote que sientan bien a una habitación de adolescente con muebles de madera.</p>"
"100";"Cojín Capitán A";"<p>El Capitán A, un héroe de máscara azul con una A blanca en la frente y estrella en el pecho, en una funda de cojín para la habitación de un fan. Las alitas a los lados de la máscara, el traje azul con la franja de rayas rojas y blancas y el fondo del mismo azul hacen un cojín de bandera, muy limpio de líneas.</p><ul><li><strong>Azul, rojo y blanco</strong>: una combinación clásica que aguanta bien junto a una colcha vaquera o una pared blanca.</li><li><strong>Equipo de héroes</strong>: forma trío con el cojín Superhéroe y con el POP Culture 006, el de la armadura roja y dorada, los tres del mismo tamaño.</li><li><strong>Impresión en alta definición</strong>, con las alitas de la máscara y la estrella recortadas sin bordes borrosos.</li></ul><p>Mide 40 × 40 cm y se rellena en un par de minutos; el relleno de fibra reciclada va aparte, por si lo necesitas.</p>"
"101";"Cojín Bathero";"<p>Bathero, un justiciero de capucha negra con orejas en punta, ojos blancos y un murciélago en el pecho, en una funda de cojín para la sala de juegos. La boca queda a la vista bajo la máscara, el fondo negro se funde con la capucha y solo el gris de la armadura y el filo dorado del cinturón rompen la oscuridad.</p><h3>El cojín oscuro del sofá</h3><p>Negro y gris sobre un sofá de tela oscura o de piel: es el que mejor se lleva con una manta gris, una tele grande y una tarde de partidas. Mide <strong>40 × 40 cm</strong>, la medida estándar para tener dos o tres alineados en el respaldo.</p><p>La cara impresa es <strong>suave, tipo algodón</strong>, y vuelve a quedar lisa después de la partida. Llega como funda; añade el <strong>relleno de fibra reciclada</strong> si no tienes uno de esa medida. Sus rivales, Joker y Harley, están en la misma colección.</p>"
"102";"Cojín Superhéroe";"<p>Para la cabezadita del sofá: funda de cojín Superhéroe con un héroe de tupé negro con rizo, ojos azules y traje azul con emblema rojo y amarillo. El cinturón rojo, el fondo azul a juego con el traje y la cara clara y ancha componen la ilustración más tranquila de la colección: sin ceño, sin máscara, con ojos redondos y azules.</p><p>Por eso es el que mejor sirve para echarse un rato: la cara impresa es <strong>suave como el algodón</strong>, no deja marcas en la mejilla y sale de la siesta sin una arruga. Los <strong>40 × 40 cm</strong> caben en cualquier sofá y en la cama de un niño o de un adulto.</p><p>Azul y rojo con un punto de amarillo: combina con una colcha vaquera, con paredes blancas y con el resto de héroes de la colección, sobre todo con el Capitán A, que repite los mismos colores.</p><p>Se vende como funda y se rellena sin complicaciones; el relleno de fibra reciclada es opcional.</p>"
"103";"Cojín POP Culture 006";"<p>Un héroe de armadura roja y dorada, con máscara metálica y un disco iluminado en el pecho, en una funda de cojín para quien ya no sabes qué regalar. El rojo del traje se extiende al fondo y solo lo cortan el dorado de la máscara, sus ojos blancos y el disco del pecho, así que el cojín se ve desde la otra punta de la habitación.</p><ul><li><strong>Regalo seguro</strong> para quien ya tiene las figuras, los cómics y la camiseta: el cojín POP Culture 006 no suele estar en la lista.</li><li><strong>Colores de impacto</strong>: rojo y oro sobre una cama gris o blanca, sin más adornos alrededor.</li><li><strong>Impresión a todo color en alta definición</strong>: las líneas de la armadura y la sombra de la máscara se ven limpias, sin pixelar.</li></ul><p>La funda mide 40 × 40 cm y admite cualquier relleno de esa medida; si no tienes, añade el de fibra reciclada. Forma trío con el Capitán A y el Superhéroe.</p>"
"104";"Cojín POP Culture 004";"<p>Funda de cojín con un ninja de pelo rubio de punta, placa metálica en la frente y tres bigotes pintados en cada mejilla, para la sala de juegos. La chaqueta naranja con cremallera negra por la mitad, los ojos azules y redondos y el fondo amarillo verdoso, a tono con el pelo, completan la ilustración.</p><p>Naranja, amarillo y negro: es el cojín que da color a un sofá gris o negro sin necesidad de nada más, y con sus <strong>40 × 40 cm</strong> cabe entre dos jugadores sin molestar.</p><p>Su compañero de colección es el POP Culture 003, el ninja de pelo plateado con el ojo tapado; juntos son el par de ninjas del sofá.</p><p>La cara impresa tiene un <strong>tacto suave tipo algodón</strong> y aguanta la partida sin arrugarse. Llega como funda y se rellena en nada; si te falta relleno, añade el de <strong>fibra reciclada</strong> al pedido.</p>"
"105";"Cojín POP Culture 003";"<p>Un ninja de pelo plateado, con un ojo tapado por la banda de la frente y máscara hasta la nariz, en una funda de cojín de 40 × 40 cm para la siesta. El único ojo a la vista está medio cerrado, como si ya estuviera echando la cabezadita, y la máscara azul marino, el chaleco verde con bolsillos y el fondo gris azulado dan un cojín tranquilo, de colores apagados.</p><ul><li><strong>Cara suave, tipo algodón</strong>, sin arrugas aunque duermas encima media tarde.</li><li><strong>Colores que no cansan</strong>: gris, plata, marino y verde oliva, para un sofá de tela clara o un dormitorio en tonos fríos.</li><li><strong>Pareja con el POP Culture 004</strong>, el ninja rubio de chaqueta naranja, el contrapunto de color en la misma colección.</li></ul><p>Llega como funda y se rellena sin esfuerzo; si te falta un relleno de esa medida, el de fibra reciclada va aparte.</p>"
"106";"Cojín POP Culture 002";"<p>En el cuarto de un fan de las series de combates: funda de cojín con un guerrero de pelo dorado en punta, ojos verdes y traje naranja con camiseta azul. El naranja del traje se prolonga en el fondo, la melena rubia ocupa casi la mitad de la funda y los ojos verde agua son el único detalle frío del dibujo.</p><h3>Tres guerreros para el mismo sofá</h3><p>Es el compañero natural de Vegeta, el del visor rosa, y del POP Culture 001, el de melena verde: los tres cojines comparten tamaño, trazo plano y cara cuadrada, y en fila parecen sacados de la misma vitrina.</p><p>Mide <strong>40 × 40 cm</strong>, con la ilustración impresa <strong>en alta definición</strong> y a todo color sobre una cara de <strong>tacto suave</strong> que se mantiene lisa. La funda se rellena sin esfuerzo y el relleno de fibra reciclada es opcional.</p>"
"107";"Cojín POP Culture 007";"<p>Una sirena pelirroja de ojos azules, top de conchas moradas y cola verde turquesa, en una funda de cojín de 40 × 40 cm para una habitación con color. La melena roja llena la parte alta y el fondo, las pestañas dibujadas dan expresión a la mirada y la franja turquesa de abajo remata la ilustración.</p><ul><li><strong>Rojo, morado y turquesa</strong>: tres colores que ya combinan entre sí, así que basta una colcha blanca o crema para que el cojín mande en la habitación.</li><li><strong>Impresión en alta definición</strong>: las líneas finas de las conchas y las pestañas salen nítidas.</li><li><strong>Suave y liso</strong>: la cara impresa es de tacto parecido al algodón y no coge arrugas.</li></ul><p>Se rellena con facilidad y el relleno de fibra reciclada es opcional. En la colección hay también una princesa rubia con tiara, por si quieres montar el rincón de las dos.</p>"
"108";"Cojín Chunli";"<p>Chunli, una luchadora de moños con lazos blancos, ojos marrones y vestido azul con dibujos dorados, en una funda de cojín para la sala de juegos. El flequillo castaño cae hacia un lado, las pestañas dan un aire tranquilo a la mirada y el fondo blanco de las esquinas deja todo el peso al azul del vestido.</p><p>Con el cojín Fighter, el luchador de la cinta roja, monta la pareja de combate en el sofá: azul y blanco frente a negro y rojo. Los dos miden <strong>40 × 40 cm</strong>, así que quedan alineados en el respaldo.</p><p>La cara impresa lleva la ilustración <strong>a todo color y en alta definición</strong>, con los motivos dorados del vestido bien definidos, y es de <strong>tacto suave</strong>, como el algodón. Llega como funda y el relleno de fibra reciclada es opcional.</p><p>Azul y oro sobre un sofá gris o beige: un punto de color sin estridencias.</p>"
"109";"Cojín Tronos";"<p>Funda de cojín de 40 × 40 cm con Tronos, la reina de melena platino trenzada y vestido azul, para el rincón de series del salón. La ilustración la pinta de cerca: cejas oscuras, ojos azul cielo, una banda beige cruzada sobre el pecho y un pequeño broche plateado en el cuello. El fondo lo llena su propio pelo, casi blanco, con las trenzas dibujadas.</p><p>Los tonos crema y azul son tranquilos y quedan bien sobre un sofá gris o de lino claro, sin pelearse con el resto de cojines. La cara impresa es <strong>suave, con tacto de algodón</strong>, y vuelve lisa después de cada maratón de capítulos: no se arruga.</p><p>Puedes pedir solo la funda, para vestir un cojín que ya tienes, o con el <strong>relleno de fibra reciclada</strong>. Y en el otro extremo del sofá caben más caras de la misma colección: las hay de series, de cine y de videojuegos.</p>"
"110";"Cojín Blanca";"<p>Blanca, la princesa de melena negra corta y lazo rojo en la diadema, en una funda de cojín de 40 × 40 cm para la cama o el sillón de lectura de una niña. Tiene los ojos marrones con pestañas largas, la piel muy clara, cuello blanco y corpiño azul con detalles rojos; por abajo asoma el amarillo de la falda. Rojo, azul y amarillo: tres colores primarios que alegran cualquier colcha lisa.</p><ul><li><strong>Ilustración en alta definición</strong>: los ojos y el lazo se ven nítidos, sin bordes borrosos.</li><li><strong>Tacto de algodón</strong> en la cara impresa, que no se arruga aunque duerma abrazada a él.</li><li><strong>Relleno opcional</strong> de fibra reciclada; también sirve un cojín interior de 40 que ya tengas.</li></ul><p>Hace pareja con Cenicienta y con la princesa del vestido amarillo de la misma colección, para ir juntando a las tres en la cama.</p>"
"111";"Cojín Luna";"<p>Para la cama de una adolescente fan del manga: funda de cojín de 40 × 40 cm con Luna, la guerrera rubia de dos moños, tiara dorada y lazo rojo. La ilustración es un primer plano: ojos azules con pestañas, dos coletas larguísimas que enmarcan la cara, una tiara con piedra roja y el cuello marinero blanco con rayas azules.</p><p>El amarillo del pelo lo llena casi todo, así que el cojín se ve desde la puerta y contrasta con una colcha blanca o gris. El rojo del lazo y el azul del cuello lo rematan.</p><p>La cara impresa tiene <strong>tacto suave tipo algodón</strong> y no coge arrugas ni marcas por mucho que se apoye la cabeza a leer o a mirar el móvil. La <strong>impresión a todo color</strong> es en alta definición: los degradados del pelo se ven limpios de cerca.</p><p>La funda se rellena en un momento; el <strong>relleno de fibra reciclada</strong> se añade si no tienes un cojín interior de sobra.</p>"
"112";"Cojín Spartan";"<p>Cojín Spartan: funda de 40 × 40 cm con un guerrero de casco dorado, cresta negra y capa roja, el regalo para el amigo fan del cine de batallas. El casco tapa casi toda la cara: solo asoman dos ojos oscuros por las aberturas y una barba negra bien recortada. Sobre un fondo arena, el dorado del casco y el rojo de la capa son lo que se ve desde lejos.</p><h3>El diseño</h3><p>Es una ilustración plana, sin degradados, <strong>impresa en alta definición</strong>: las líneas del casco salen rectas y nítidas. La cara impresa tiene <strong>tacto suave</strong>, tipo algodón, y no se arruga.</p><p>Sobre un sofá negro o marino, el arena y el dorado destacan; junto a Guile o Lobezno, que también son amarillos, forma una fila de colores calientes. La funda se rellena en un momento, con el <strong>relleno de fibra reciclada</strong> opcional o con un cojín interior que ya tengas.</p>"
"113";"Bata escolar Mago";"<p>Un aprendiz de mago pelirrojo lanza rayos azules bajo la luna en la bata escolar Mago, de vichí lila con bies naranja, para el cole de 4 a 10 años. Fondo morado de noche, torres de castillo, estrellas y una capa negra con forro rojo: el panel estampado llena medio delantero.</p><h3>Un truco cada mañana</h3><p>Abrocharse los <strong>botones naranjas</strong> sin ayuda es el primer hechizo que aprenden en P3. Contrastan con el lila del cuadro, así que los ven de un vistazo y los alinean con su ojal. Cuando se quitan solos el babi al acabar plástica, ya son magos hechos.</p><p>Los <strong>puños con elástico</strong> sujetan la manga por encima de la muñeca, y el bolsillo con vivo naranja recoge la varita, o el lápiz, que viene a ser lo mismo.</p><p>El nombre bordado en el pecho, opcional, hace que su babi aparezca siempre en su percha y no en la de al lado.</p>"
"114";"Bata escolar Hada";"<p>Bata escolar Hada de vichí pistacho con bies naranja, con un hada pelirroja de alas transparentes y su amiguito blanco en un prado, de 4 a 10 años. Está hecha para las mañanas de plástica: témpera, cola y purpurina se quedan en el babi y no en el jersey de debajo.</p><p>El panel estampado ocupa la mitad del delantero, con hojas grandes, flores rosas y amarillas y mucha luz alrededor del hada y de su compañero de orejas rosas. La otra mitad es el cuadrito pistacho, con el <strong>bolsillo rematado en naranja</strong>.</p><ul><li><strong>Botones naranjas</strong> por delante, a contraste, para abrochar y desabrochar sin mirar dos veces.</li><li><strong>Puños con elástico</strong> que no se arrastran por la mesa de pintura.</li><li><strong>Confección en nuestro taller</strong> de Barcelona, donde también se borda el nombre.</li></ul><p>Con el nombre bordado en el pecho, opcional, el hada de tu hija o tu hijo no se va con otro al final del día.</p>"
"115";"Bata escolar Ninja";"<p>Cuadro vichí marino con bies rojo para la bata escolar Ninja, con un ninja de banda en la frente y su gato negro bajo la luna llena, de 4 a 10 años. El azul oscuro es de los cuadros que mejor esconden las manchas, y con un ninja eso tiene todo el sentido.</p><p>Rotulador, tierra del patio, salsa del comedor: sobre el marino se notan poco y el babi sigue presentable hasta el viernes. El <strong>bies rojo del cuello</strong> y los botones a juego son el único toque de color en el lado de cuadros.</p><p>La otra mitad del delantero es una noche morada con huellas de gato, el ninja en plena carrera con su pañuelo rojo al viento y un gato de ojos amarillos que lo sigue sigiloso. El <strong>bolsillo con vivo rojo</strong> va en la parte de vichí.</p><p>Los puños con elástico y el <strong>nombre bordado</strong> en el pecho, si lo pides, completan el equipo del ninja.</p>"
"116";"Bata babi escolar Princesa";"<p>Bata babi escolar Princesa en vichí rosa con bies lila, con una princesa de melena castaña, corona y vestido morado y un pajarito azul, de 4 a 10 años. Detrás de ella, las torres de un castillo entre rosa y violeta. Un babi para quien ya tiene claro qué princesa quiere ser.</p><p>El panel estampado ocupa medio delantero y el cuadrito rosa y blanco, el resto, con el <strong>bolsillo con vivo lila</strong> en el lado liso.</p><ul><li><strong>Etiqueta interior</strong> para escribir el nombre también por dentro, por si el babi va sin bordar.</li><li><strong>Botones lila</strong> por delante, del mismo tono que el ribete del cuello y del bolsillo.</li><li><strong>Puños con elástico</strong> para que la manga no toque el plato ni la pintura.</li></ul><p>Babis rosas con princesa hay muchos en cualquier clase de infantil; lo que distingue el suyo es el nombre. Va bordado en el pecho, a máquina y en nuestro taller, opcional, y se lee desde la puerta del aula.</p>"
"117";"Cojín Wallace";"<p>Funda de cojín con Wallace, el guerrero escocés de media cara pintada de azul y melena castaña, en 40 × 40 cm, para el rincón de películas del salón. La ilustración lo muestra de cerca: la mitad izquierda del rostro azul, la derecha al natural, los ojos azules, y sobre los hombros el cuero con remaches y una manta de cuadros verdes.</p><p>Manda el marrón, del pelo y de la armadura, con el azul y el verde de contraste: colores tierra que encajan con un sofá de piel o con madera vista, y que no gritan como los de los superhéroes de la misma colección.</p><p>La tela impresa es <strong>suave, con tacto de algodón</strong>, y no se arruga después de una tarde de película con la cabeza encima. Los colores van <strong>impresos en alta definición</strong>, planos y limpios. La funda es <strong>fácil de rellenar</strong>: puedes añadir el relleno de fibra reciclada o usar un cojín interior que ya tengas.</p>"
"118";"Cojín Guile";"<p>Para el respaldo de la silla gamer: funda de cojín de 40 × 40 cm con Guile, el luchador rubio de pelo cortado a cepillo y camiseta de tirantes verde. La ilustración es un primer plano sobre fondo amarillo: cejas finas, ojos azules, una sonrisa pequeña y las chapas militares colgando del cuello. Amarillo y verde, dos colores que se ven desde la otra punta de la habitación.</p><ul><li><strong>Impresión en alta definición</strong> a todo color, con los contornos limpios incluso a un palmo de distancia.</li><li><strong>Tacto suave tipo algodón</strong> en la cara impresa, que aguanta horas de partida en la espalda sin arrugarse.</li><li><strong>Fácil de rellenar</strong>: pide el relleno de fibra reciclada o aprovecha un cojín interior de 40 cm.</li></ul><p>En el escritorio hace juego con el resto de luchadores y héroes de la colección; y en el sofá, con un cojín liso verde botella queda redondo.</p>"
"119";"Cojín POP Culture 005";"<p>Princesa de melena castaña y vestido de gala amarillo en una funda de cojín de 40 × 40 cm, para la cama de una niña o el sillón del cuarto de juegos. La ilustración la enseña de cerca: ojos marrones con pestañas, el pelo recogido con una cinta dorada y mechones sueltos, pendientes a juego y los hombros al aire sobre el escote del vestido. El fondo es el castaño de su propia melena.</p><p>Amarillo dorado y marrón chocolate: tonos cálidos que quedan bien sobre una colcha de flores o blanca. En la segunda foto la verás en una cama de verdad, junto a Cenicienta, que es su pareja natural en esta colección de princesas.</p><p>La cara impresa tiene <strong>tacto de algodón</strong>, suave para dormir abrazada a ella, y <strong>no se arruga</strong>. El dibujo va impreso a todo color en alta definición, con los detalles del recogido bien marcados.</p><p>La funda se rellena sin esfuerzo, con el <strong>relleno de fibra reciclada</strong> opcional o con un cojín interior de la misma medida.</p>"
"120";"Cojín Drácula";"<p>Cojín Drácula: funda de 40 × 40 cm con una vampira adolescente de melena a rayas rosa y negro, para un dormitorio que huye del rosa pastel. La ilustración la pinta con ojos violeta de pestañas largas, labios fucsia con dos colmillos asomando, un corazoncito en la mejilla, cuello blanco de pico y una chaqueta negra abotonada.</p><h3>Rosa fucsia y negro</h3><p>Es la combinación de todo el dibujo, del flequillo al fondo, y funciona sobre una cama negra, gris o blanca. Al lado de un cojín liso fucsia sube el contraste; al lado de Saw, el otro personaje de terror de la colección, monta un rincón de miedo simpático.</p><p>La cara impresa es <strong>suave, tipo algodón</strong>, y no se arruga por mucho que se use de almohada para el móvil. Las rayas del pelo van <strong>impresas en alta definición</strong>, con los bordes limpios. Funda <strong>fácil de rellenar</strong>, con relleno de fibra reciclada opcional.</p>"
"121";"Cojín Sheldon";"<p>Cojín Sheldon: funda de 40 × 40 cm con el chico de pelo castaño y camiseta verde con emblema, para regalar al amigo que se sabe la serie de memoria. La ilustración lo enseña de cerca, con las cejas arqueadas, los ojos azules muy abiertos y esa media sonrisa de quien está a punto de corregirte. Debajo de la camiseta verde asoma otra de manga larga a rayas, como la lleva siempre.</p><p>Beige, verde y castaño: colores tranquilos que combinan con un sofá gris o marrón y con las estanterías llenas de cómics del rincón de series. El <strong>dibujo va impreso en alta definición</strong>, con el emblema y las rayas nítidas.</p><p>La cara impresa tiene <strong>tacto suave</strong>, como el algodón, y no se arruga tras una tarde entera de capítulos. La funda es <strong>fácil de rellenar</strong>; si no tienes un cojín interior de esa medida, añade el relleno de fibra reciclada.</p>"
"122";"Cojín Lobezno";"<p>Lobezno en primer plano, con máscara amarilla de dos picos y traje azul marino, en una funda de cojín de 40 × 40 cm para la habitación de un fan. La ilustración es puro contraste: amarillo intenso, azul marino y dos ojos blancos sin pupila que miran de frente. Abajo, la mandíbula al descubierto y el traje con las líneas del pecho marcadas.</p><p>Es de los cojines más llamativos de la colección: sobre una cama azul oscuro el amarillo salta a la vista, y sobre fondo blanco todavía más. Con Deadpool, el otro enmascarado de la colección, hacen un dúo rojo y amarillo.</p><p>Los colores planos van <strong>impresos en alta definición</strong>, así que los bordes de la máscara salen rectos y sin dientes de sierra. La cara impresa es <strong>suave, tipo algodón</strong>, y no se arruga.</p><p>Se rellena en un momento: con el <strong>relleno de fibra reciclada</strong> si lo pides, o con el interior de otro cojín de esa medida que tengas por casa.</p>"
"123";"Cojín Thor";"<p>Thor en versión cojín: funda de 40 × 40 cm con el guerrero de casco plateado con alas, melena rubia y capa roja, para la cabezadita en el sofá. La ilustración lo pinta de cerca: ojos azules, el casco metálico que le cubre la frente, la armadura negra con discos plateados y el rojo de la capa asomando por los lados.</p><ul><li><strong>Plata, negro y rojo</strong>: combina con un sofá gris oscuro y destaca sobre uno beige.</li><li><strong>Cara impresa suave</strong>, con tacto de algodón, que no se arruga aunque la siesta se alargue.</li><li><strong>Impresión HD a todo color</strong>: los reflejos del casco se ven con detalle.</li></ul><p>La funda es fácil de rellenar; pide el <strong>relleno de fibra reciclada</strong> o aprovecha un cojín interior. Al lado de Vader, el villano de casco negro de la misma colección, montas el clásico héroe contra villano en el mismo sofá.</p>"
"124";"Cojín Vader";"<p>Funda de cojín negra de 40 × 40 cm con el casco de Vader, el villano de máscara negra y botones en el pecho, para el rincón de películas del salón. La ilustración juega con negros y grises: las líneas del casco, los dos ojos redondos y oscuros, la rejilla de la boca y, abajo, la caja del pecho con sus botoncitos rojos y verdes, lo único de color en todo el dibujo.</p><p>Sobre un sofá claro o una cama blanca, el negro total llama la atención sin necesidad de más colores. Es el villano que da sentido a los héroes de la colección: junto a Trooper, el soldado de armadura blanca, forman la pareja en blanco y negro.</p><p>La cara impresa es de <strong>tacto suave tipo algodón</strong> y no se arruga: el negro se mantiene liso y uniforme, sin marcas de haber dormido encima. La <strong>impresión en alta definición</strong> respeta los grises del casco. Se rellena fácil, con el <strong>relleno de fibra reciclada</strong> opcional.</p>"
"125";"Cojín Trooper";"<p>Trooper, el soldado de casco blanco y visor negro, en una funda de cojín de 40 × 40 cm para el dormitorio de un adolescente fan de la ciencia ficción. La ilustración es casi toda blanca: el casco visto de frente, dos ojos negros grandes, la rejilla gris de la boca y unas pequeñas marcas azules a los lados.</p><p>Blanco y negro combinan con todo, del edredón gris a las paredes de color, así que es de los cojines de la colección que menos condicionan la habitación. En el sofá hace pareja con Vader, el villano de casco negro, o con Darth, el de la cara roja.</p><p>La <strong>impresión en alta definición</strong> mantiene el blanco limpio y las líneas negras rectas, sin borrones. La tela impresa tiene <strong>tacto suave</strong>, tipo algodón, y no se arruga por mucho que la aplasten los codos jugando en la cama.</p><p>La funda es <strong>fácil de rellenar</strong>; el relleno de fibra reciclada es opcional y también vale el interior de una funda vieja.</p>"
"126";"Cojín Darth";"<p>Darth, el villano de cara roja tatuada, ojos amarillos y pequeños cuernos, en una funda de cojín de 40 × 40 cm para quien colecciona malos de película. La ilustración es un primer plano: los dibujos negros recorren la cara roja como una máscara, los ojos naranja brillan sobre el negro de las cuencas y la túnica oscura cierra el dibujo por abajo.</p><ul><li><strong>Rojo, negro y amarillo</strong>: sobre un sofá negro casi desaparece el fondo y solo queda la cara flotando.</li><li><strong>Colores impresos en alta definición</strong>, con cada trazo negro nítido sobre el rojo.</li><li><strong>Cara impresa de tacto algodón</strong>, suave y sin arrugas por mucho uso que le den.</li></ul><p>Se rellena en un momento, con el <strong>relleno de fibra reciclada</strong> opcional. Frente a Thor o a Lobezno, monta el duelo de villano contra héroe en la misma estantería o en la misma cama.</p>"
"127";"Cojín Cenicienta";"<p>Cenicienta en una funda de cojín de 40 × 40 cm: la princesa rubia de diadema azul y vestido celeste, para la cama o el rincón de cuentos de una niña. La ilustración es un primer plano de trazos limpios: ojos azules con pestañas, el pelo en un recogido alto, una sonrisa pequeña, una gargantilla oscura y las mangas del vestido en un azul más claro que el fondo.</p><p>Celeste, azul y el amarillo del pelo: colores suaves que no cargan la habitación y van bien con paredes blancas, rosa palo o menta.</p><h3>Con las otras princesas</h3><p>Hace juego con Blanca, la de la melena negra y el lazo rojo, y con la princesa del vestido amarillo, que en su ficha sale fotografiada en una cama junto a esta misma Cenicienta. Las tres juntas forman la fila de la cabecera.</p><p>La cara impresa tiene <strong>tacto de algodón</strong> y <strong>no se arruga</strong> ni después de una noche entera de abrazos. La funda es <strong>fácil de rellenar</strong>, con el relleno de fibra reciclada como opción.</p>"
"128";"Cojín POP Culture 008";"<p>Funda de cojín en tonos hielo, 40 × 40 cm, con una reina de trenza platino con estrellas azules y vestido turquesa, para un dormitorio en azules. La ilustración la muestra de cerca: cejas castañas, ojos turquesa con pestañas largas, la trenza rubia salpicada de estrellitas cayendo sobre el hombro y las mangas del vestido transparentes sobre la piel.</p><p>Crema, turquesa y azul hielo: un cojín que enfría la paleta de la habitación y combina con paredes blancas, ropa de cama azul y madera clara. Al lado de Cenicienta, también rubia y de azul, forman un dúo a juego.</p><p>La cara impresa es <strong>suave, con tacto de algodón</strong>, pensada para dormir encima sin que se arrugue. Los degradados del vestido van <strong>impresos en alta definición</strong>. Y la funda se rellena en un momento: el <strong>relleno de fibra reciclada</strong> es opcional.</p>"
"129";"Cojín Mago";"<p>Mago en una funda de cojín de 40 × 40 cm: el aprendiz de pelo castaño revuelto, gafas redondas y bufanda a rayas, para el rincón de lectura de un fan. La ilustración lo pinta de cerca, con la bufanda granate y amarilla, los ojos azules detrás de los cristales, una pequeña cicatriz en forma de rayo en la frente y la túnica negra abierta sobre el jersey gris.</p><ul><li><strong>Granate, amarillo y negro</strong>: destaca sobre un sillón de lectura beige o un sofá gris.</li><li><strong>Impresión a todo color en alta definición</strong>: hasta el rayo de la frente se ve nítido.</li><li><strong>Tacto suave tipo algodón</strong> en la tela impresa, que no se arruga entre capítulo y capítulo.</li></ul><p>La funda se rellena fácil, con el <strong>relleno de fibra reciclada</strong> opcional. Es el regalo que acierta entre amigos que se han leído la saga entera más de una vez.</p>"
"130";"Cojín Deadpool";"<p>¿Buscas una funda de cojín de 40 × 40 cm para la silla gamer con Deadpool, el enmascarado de traje rojo y parches negros en los ojos? La ilustración es un primer plano de la máscara: rojo sangre, dos parches negros con los ojos blancos en medio y, abajo, la correa marrón cruzada sobre el pecho con las piezas negras del traje.</p><p>Rojo casi total, con el negro de apoyo: en una silla negra el cojín se ve desde la puerta, y en un sofá gris o blanco todavía más. Con Lobezno, amarillo y marino, hace el dúo de enmascarados más ruidoso de la colección.</p><p>La cara impresa tiene <strong>tacto suave tipo algodón</strong> y aguanta partidas largas apoyado en la espalda <strong>sin arrugarse</strong>. La impresión es a todo color y en alta definición: el rojo sale uniforme y los parches con el borde limpio.</p><p>Se rellena sin complicaciones; el <strong>relleno de fibra reciclada</strong> es opcional y también sirve el interior de un cojín que ya tengas.</p>"
"131";"Cojín Saw";"<p>Saw, el muñeco de cara blanca, ojos rojos y espirales en las mejillas, en una funda de cojín de 40 × 40 cm para el rincón de cine de terror del salón. La ilustración lo enseña de cerca: pelo negro pegado a la cabeza, labios rojos, pajarita roja sobre camisa blanca, traje negro y un pañuelo rojo en el bolsillo.</p><ul><li><strong>Blanco, negro y rojo</strong>: funciona sobre un sofá oscuro y llama la atención en uno claro.</li><li><strong>Impresión en alta definición</strong>, con los círculos de los ojos y las espirales bien definidos.</li><li><strong>Tela impresa de tacto algodón</strong>, suave y que no se arruga.</li></ul><p>Se rellena fácil, con <strong>relleno de fibra reciclada</strong> opcional. Junto a Drácula, la vampira rosa y negra, monta la esquina de miedo de la colección, y en octubre es la decoración de la fiesta que se guarda para el año siguiente.</p>"
"132";"Bolsa guardería impermeable Caperucita Roja";"<p>Bolsa de muda impermeable Caperucita Roja, con la niña de la capa y un lobito en brazos, para que el recambio no se pierda en la percha de la guardería. En la lámina, Caperucita camina por un bosque con farolillos encendidos, vestido azul, botas y su bolsa marrón al hombro, y el lobo parece más cachorro que amenaza. Cordón blanco.</p><p>En una fila de veinte perchas iguales, lo que distingue la bolsa de tu hijo es la <strong>nube de tela con su nombre bordado</strong>. Se lee desde la puerta, la educadora no tiene que abrir ninguna y la muda vuelve a casa con quien le toca.</p><ul><li><strong>Nube marrón o rosa</strong>, a elegir al pedir el bordado.</li><li><strong>Interior engomado</strong> que retiene lo mojado y no lo pasa a la mochila.</li><li><strong>Tres medidas</strong> con el mismo dibujo: chupetera, almuerzo y muda.</li></ul><p>Cosemos y bordamos cada bolsa en nuestro taller de Barcelona.</p>"
"133";"Sábana bajera ajustable para hamaca de guardería";"<p>Sábana bajera ajustable para hamaca de guardería, con gomas en las cuatro esquinas para que no se mueva ni se arrugue en la siesta. Es blanca, de algodón hipoalergénico, y en la foto la ves puesta en una hamaca apilable de patas azules con el nombre de Edgar bordado en una esquina.</p><ul><li><strong>Se queda en su sitio</strong>: las cuatro gomas abrazan la hamaca y el peque no acaba durmiendo sobre la lona desnuda por mucho que se revuelva.</li><li><strong>Mide 130 × 60 cm</strong>, la medida de las hamacas y camitas apilables de la mayoría de escuelas infantiles; sirve también en la cuna de casa y sobre las colchonetas Márfega.</li><li><strong>Algodón Better Cotton</strong>, fresco y suave para una piel que suda con facilidad mientras duerme.</li></ul><p>El nombre bordado evita que vuelva a casa la sábana de otro niño en el cambio de los viernes. Y si sois una escuela y necesitáis más de diez, pedidnos el precio para centros.</p>"
"134";"Bata babi escolar Tigre";"<p>Bata babi escolar Tigre de vichí verde botella con bies naranja, con un tigre de foto, no de dibujo, avanzando entre la selva, de 4 a 10 años. Aquí el felino mira de frente a quien lo mira desde medio delantero, y a los peques eso les encanta más que cualquier dibujo.</p><p>El verde oscuro del cuadro aguanta el curso sin acusar el uso: las manchas del comedor y de plástica se disimulan entre el cuadrito, y el babi sigue presentable en junio. El <strong>bolsillo rematado en naranja</strong> queda en el lado de cuadros, a la altura de la mano.</p><p>Los <strong>botones naranjas</strong> se ven bien sobre el verde y se abrochan sin buscar el ojal, y los <strong>puños con elástico</strong> sujetan la manga cuando se remangan para trabajar.</p><p>Para los que ya leen su nombre, lo bordamos en el pecho: opcional, y cosido en nuestro taller de Barcelona.</p>"
"135";"Bata escolar Gatos";"<p>Una camada de gatitos de foto asoma en medio delantero de la bata escolar Gatos, de vichí celeste con bies blanco, para peques de 4 a 10 años. Son gatos atigrados y rubios sobre una tela azul, con bigotes y todo, y consiguen lo que no consigue ningún argumento: que quiera ponérselo.</p><p>En el comedor cada plato es un riesgo para la ropa, y este babi lo asume: cubre el delantero, las mangas llegan hasta la muñeca y el <strong>cuello con bies blanco</strong> cierra arriba. La camiseta se salva del tomate y del yogur.</p><ul><li><strong>Botones blancos</strong> por delante, a juego con el ribete del cuello y del bolsillo.</li><li><strong>Puños con elástico</strong> para que la manga no se moje en el vaso.</li><li><strong>Cuadrito celeste y blanco</strong> en el lado liso, con el bolsillo a la altura de la mano.</li></ul><p>El nombre bordado en el pecho es opcional y, entre veinte babis colgados a la salida del comedor, es lo que hace que vuelva el suyo.</p>"
"136";"Bata escolar Camaleón";"<p>Bata escolar Camaleón de vichí verde lima con bies amarillo, con un camaleón de foto sobre una rama entre hojas de selva, de 4 a 6 años. El animal cambia de color; el babi no, y menos mal. Es de los modelos que se eligen por el bicho, y aquí el bicho es de verdad, no de dibujos animados.</p><h3>El diseño</h3><p>El panel de medio delantero es una fotografía de camaleón verde y amarillo con la cola enroscada, sobre hojas verdes y luz naranja. La otra mitad es cuadro lima y blanco, con el <strong>bolsillo rematado en amarillo</strong>, como el cuello.</p><p>Un babi que los amantes de los bichos se ponen a la primera. Los <strong>botones amarillos</strong> se abrochan por delante y los <strong>puños con elástico</strong> aguantan la manga arriba en plástica y en el comedor.</p><p>Si quieres, va con su nombre bordado en el pecho, opcional, para que el camaleón no se camufle en la percha de otro.</p>"
"137";"Bata escolar Flamencos";"<p>Para plástica y para el patio, un babi escolar Flamencos de vichí fucsia y blanco con flamencos rosas sobre fondo turquesa, de 4 a 10 años. El estampado ocupa medio delantero, el <strong>bolsillo cuadrado</strong> con ribete turquesa repite el color del agua, y el bies del cuello y los botones van en fucsia.</p><p>La pintura de dedos, la cola blanca y la arcilla acaban en el mandilón y no en el vestido. Las mangas largas con <strong>puños de elástico</strong> tapan hasta la muñeca y se quedan ahí aunque metan el brazo hasta el fondo de la caja de pinceles.</p><p>El tejido vichí de cuadro medio se lleva bien con el uso diario de infantil y primaria, y el fucsia no es un color que pase desapercibido en el perchero.</p><p>Añade el nombre bordado en el pecho, opcional, y el babi de los flamencos volverá siempre a la misma casa.</p>"
"138";"Batas impermeables reutilizables. Tejido tela impermeabilizada. Talla adulto (pack 5 unidades)";"<p>Pack de 5 batas sanitarias reutilizables de tela impermeabilizada, en talla adulto, para clínicas, residencias, peluquerías y laboratorios. Cierran por delante y por detrás, sin botones ni cintas: se ponen por la cabeza y la <strong>goma fruncida del cuello y de los puños</strong> ajusta sola. El largo llega por debajo de la rodilla y cubre el uniforme entero.</p><p>El tejido lleva un <strong>acabado hidrófugo</strong> que repele líquidos, manchas y partículas, el mismo tipo de tratamiento de las chaquetas de montaña, y está <strong>certificado por AITEX según la norma EN 13795</strong>, la de las batas de uso sanitario.</p><p>Frente a la desechable, vuelve a la lavadora hasta 25 veces sin perder la impermeabilidad: cinco unidades cubren la rotación de una semana y el gasto en material de un solo uso cae.</p><p>Blanca, talla única de adulto, confeccionada en nuestro taller de Barcelona. La versión abierta por la espalda, con cintas, está en pack de diez en esta misma categoría.</p>"
"139";"Batas impermeables desechables. Tejido vinilo. Talla adulto (pack 10 unidades)";"<p>Batas desechables de vinilo impermeable en pack de 10, talla adulto, para hospitales, residencias, peluquerías y farmacias con mucho trasiego de personas. El vinilo translúcido que se ve en la foto es una <strong>barrera total frente a líquidos, humedad y salpicaduras</strong>: nada pasa al uniforme que llevas debajo.</p><ul><li><strong>Homologada según la norma EN 13795</strong> con certificado AITEX: resiste la penetración de partículas y bacterias, también en húmedo.</li><li><strong>Puños con goma</strong> que se ajustan sobre el guante, para que no quede piel al aire en la muñeca.</li><li><strong>Un solo uso</strong>: se pone, se trabaja y se desecha, sin gestionar coladas. Si hace falta, admite una limpieza con un trapo húmedo.</li></ul><p>Diez batas por caja, ligeras y de talla única, para tener siempre una limpia lista entre paciente y paciente. Si prefieres tela reutilizable, en la misma categoría tienes el pack de 5 con goma en cuello y puños.</p>"
"140";"Gorros impermeables reutilizables (Pack 10 pcs)";"<p>Pack de 10 gorros sanitarios reutilizables de microfibra impermeable con goma elástica, para cocinas, obradores, laboratorios y clínicas. Donde el pelo tiene que ir recogido y protegido, sustituye a la cofia de un solo uso.</p><p>La <strong>goma elástica</strong> del contorno lo sujeta sin apretar y se adapta a cualquier cabeza. El tejido, plisado y ligero, deja pasar el aire y <strong>repele los líquidos y las salpicaduras</strong> gracias a su acabado hidrófugo y antibacteriano.</p><h3>Para qué sirve</h3><p>Está pensado para la industria alimentaria y el ámbito sanitario: la microfibra es <strong>apta para el contacto con alimentos</strong> y cumple la norma EN 13795 con certificado AITEX. Diez unidades dan para toda una plantilla o para la rotación semanal de una sola persona.</p><p>Lavables y reutilizables, reducen el residuo diario de la cocina o de la consulta. Blanco y de talla única. Si quieres identificarlos, se puede añadir un texto bordado, opcional, como el nombre del centro.</p>"
"141";"Manguitos impermeables reutilizables (Pack 20 pcs)";"<p>Pack de 20 manguitos impermeables reutilizables con goma en los dos extremos, para proteger los antebrazos en cocinas, obradores, laboratorios y clínicas.</p><p>Cubren del codo a la muñeca, la zona que más sufre al fregar, manipular alimentos o trabajar en la peluquería. La <strong>goma elástica en ambos extremos</strong> los mantiene en su sitio con los brazos en movimiento y cierra en la muñeca, como se ve en la foto.</p><ul><li><strong>Tejido impermeable y antibacteriano</strong>, con certificado AITEX según la norma EN 13795: resiste la penetración de líquidos y de microorganismos.</li><li><strong>Apto para el contacto con alimentos</strong>, de modo que sirve igual en un obrador que en una consulta.</li><li><strong>Reutilizable</strong>: se lava y vuelve al turno siguiente, en lugar de tirar un par de plástico cada vez.</li></ul><p>Veinte unidades son diez pares, la reserva justa para un equipo pequeño o para tener recambios durante semanas. Blanco, talla única.</p>"
"142";"Mascarilla higiénica Monsters";"<p>Mascarilla higiénica infantil negra con monstruos de colores, pensada para que tu hijo se la ponga sin protestar en la temporada de gripe del cole. Sobre el fondo negro desfilan bichos verdes, rosas y azules con cuernos y dientes de sierra, entre huevos, flores y hojas en tonos pastel. De lejos parece una mascarilla oscura; de cerca, cada monstruo tiene su cara.</p><p>Lleva <strong>dos capas del mismo tejido hidrófugo</strong>, que repele las gotitas, y va <strong>sin costura en el centro</strong>, así que no roza la nariz ni marca la cara. La goma de las orejas se ajusta sola, sin apretar.</p><p>Está en <strong>tres tallas</strong>: la infantil M para los de 6 a 9 años, la infantil L de 9 a 12 y una de adulto para acompañarle a juego. Se fabrica en España.</p><p>Es una mascarilla higiénica conforme a la norma UNE 0065; no es un producto sanitario ni un equipo de protección individual.</p>"
"143";"Mascarilla higiénica Tiki";"<p>Tikis polinesios en naranja y ocre sobre fondo verde agua: una mascarilla higiénica reutilizable para niños y adultos que viajan en tren, metro o avión. Cada máscara tiene su gesto, unas enseñan los dientes y otras miran de reojo, y entre ellas flotan pequeños óvalos claros que aligeran el dibujo. Un estampado con carácter que no cansa.</p><p>En un trayecto largo cuenta lo que no se nota: la mascarilla se queda en su sitio y se olvida.</p><ul><li><strong>Doble capa hidrófuga</strong> del mismo tejido, que repele las gotitas sin necesitar filtro aparte.</li><li><strong>Sin costura central</strong>: se adapta al puente de la nariz sin dejar marca.</li><li><strong>Se lava a 60 ºC y aguanta 25 ciclos</strong> como mínimo, así que un viaje de dos semanas se resuelve con un par de ellas.</li></ul><p>Mascarilla higiénica según UNE 0065: no sustituye a un producto sanitario ni a un equipo de protección individual.</p>"
"144";"Mascarilla higiénica Carpas";"<p>Carpas koi dibujadas a línea sobre fondo azul acero: mascarilla higiénica reutilizable y discreta para la visita al hospital o el trayecto en metro. Tono sobre tono, el estampado se ve de cerca y de lejos pasa por una mascarilla lisa, así que encaja en una sala de espera o en la oficina igual que en el patio del cole.</p><h3>El diseño</h3><p>Las carpas nadan en todas direcciones, con las escamas y las aletas trazadas en azul oscuro y blanco sobre un gris azulado. En Japón la carpa koi es símbolo de constancia; aquí es, sobre todo, un dibujo que no infantiliza y que un padre se pone sin pensarlo.</p><p>Por dentro, <strong>dos capas del mismo tejido hidrófugo</strong> con <strong>certificado Oeko-Tex clase I</strong>, apto para llevarlo horas contra la piel. Se fabrica en España y aguanta el lavado a 60 ºC, 25 veces como mínimo.</p><p>Tres tallas: infantil M (6 a 9 años), infantil L (9 a 12) y <strong>adulto</strong>.</p><p>Conforme a UNE 0065 como mascarilla higiénica, no es un producto sanitario ni un equipo de protección individual (EPI).</p>"
"145";"Mascarilla higiénica Piñas";"<p>Piñas amarillas y rodajas doradas sobre fondo turquesa de cuadritos, en una mascarilla higiénica reutilizable para viajar en avión con los niños. El fondo lleva un vichí muy suave en dos azules, y encima las piñas con su penacho verde y las rodajas en anillo. Alegre sin ser estridente, va igual de bien en la piscina que en la cola de embarque.</p><ul><li><strong>Sin costura en el centro</strong>: la tela cae lisa sobre la nariz, sin cresta que roce en un vuelo de tres horas.</li><li><strong>Tejido hidrófugo a doble capa</strong>, el mismo por fuera y por dentro, con tratamiento antibacteriano.</li><li><strong>Tres tallas</strong>: infantil M (6-9 años), infantil L (9-12) y adulto, para vestir a juego toda la fila del avión.</li></ul><p>Entre vuelo y vuelo se lava en casa a 60 ºC, hasta 25 veces, y vuelve a la maleta lista para el siguiente.</p><p>Es una mascarilla higiénica conforme a UNE 0065 y no un producto sanitario ni un equipo de protección individual.</p>"
"146";"Mascarilla higiénica Flamencos";"<p>Flamencos rosas sobre fondo verde menta en una mascarilla higiénica reutilizable para niños y adultos, pensada para la primavera del polen. Los flamencos van en fucsia, de pie sobre el agua, y cada uno lleva su reflejo debajo en un tono más claro. El menta suaviza el conjunto y le da aire de verano aunque sea abril.</p><p>Cuando el polen aprieta, muchas familias la llevan para el camino al cole o la tarde en el parque. Las <strong>dos capas del mismo tejido hidrófugo</strong> pesan poco, y la <strong>goma en las orejas</strong> permite ponerla y quitarla cada dos por tres sin que se afloje.</p><p>Homologada para pasar por la lavadora a 60 ºC hasta 25 veces, dura toda la temporada de alergias y todavía sobra para el otoño. Se fabrica en España.</p><p>Es una mascarilla higiénica conforme a la norma UNE 0065, sin condición de producto sanitario ni de equipo de protección individual.</p>"
"147";"Mascarilla higiénica Aloha";"<p>Hello, aloha, ciao, bonjour: mascarilla higiénica reutilizable rosa con saludos en ocho idiomas, para niños y adultos que van en transporte público. Las palabras van en letras negras con sombra turquesa sobre rosa chicle, repartidas en diagonal: hola, olá, hallo, ahoj y las demás. Aunque no se vea la sonrisa, la mascarilla saluda por ti.</p><p>Es la que se lleva al intercambio de idiomas, al autobús del cole y al avión de las vacaciones.</p><ul><li><strong>Doble capa del mismo tejido hidrófugo</strong>, que repele las gotitas.</li><li><strong>Sin costura central</strong>, para que no se marque la nariz en trayectos largos.</li><li><strong>Aguanta el lavado a 60 ºC al menos 25 veces</strong>, o sea, un curso entero de metro.</li></ul><p>Mascarilla higiénica conforme a UNE 0065; no es un producto sanitario ni un equipo de protección individual.</p>"
"148";"Mascarilla higiénica Gatos";"<p>Para la visita al pediatra o la sala de espera: mascarilla higiénica infantil rosa palo con caritas de gato, en tela reutilizable de doble capa. Los gatitos, blancos con manchas naranjas o grises y los ojos cerrados, asoman entre pequeñas huellas moradas. Es un dibujo tranquilo, sin colores chillones, que le sienta bien a una tarde de consulta.</p><p>Va <strong>sin costura en el medio</strong>, de modo que no le roza la nariz mientras espera su turno, y la <strong>goma de las orejas</strong> es fina y cede sin tirar. Se la puede quitar y poner ella sola cuando la llamen.</p><p>Las tallas infantil M (de 6 a 9 años) e infantil L (de 9 a 12) están cortadas para la cara de un niño; hay también <strong>talla adulto</strong> para que quien la acompañe vaya igual. Se fabrica en España.</p><p>Mascarilla higiénica conforme a UNE 0065: no es un producto sanitario ni un equipo de protección individual, y no sustituye a ninguno de los dos.</p>"
"149";"Mascarilla higiénica Flores";"<p>Mascarilla higiénica reutilizable blanca con flores de acuarela lila y rosa: las únicas flores que en primavera conviene llevar pegadas a la nariz. Sobre el blanco se reparten ramitas de eucalipto, hojas verdes y flores de pétalos finos en violeta, azul y rosa, pintadas con transparencias de acuarela. Ligera a la vista, va con cualquier ropa.</p><h3>Cuándo se lleva</h3><p>En los meses en que el paseo por el parque acaba en estornudos, y también en el tren o en la sala de espera. El tejido es el mismo en las <strong>dos capas, hidrófugo</strong> y con <strong>certificado Oeko-Tex clase I</strong>, así que se puede llevar horas seguidas sin que la piel proteste.</p><p>Viene en tres tallas, dos infantiles (de 6 a 9 años y de 9 a 12) y una de adulto, para que la lleve toda la casa. Se lava a 60 ºC, hasta 25 veces, sin perder sus propiedades.</p><p>Recuerda que es una mascarilla higiénica según la norma UNE 0065, no un producto sanitario ni un equipo de protección individual.</p>"
"150";"Mascarilla higiénica Denim";"<p>Mascarilla higiénica de tela reutilizable con estampado denim, azul índigo como unos vaqueros, para el día a día en el metro o el autobús. No lleva dibujo: la tela imita la trama de un tejano oscuro, con el grano fino del hilo visible de cerca. Combina con todo lo que ya tienes en el armario y sirve igual para un adolescente que para un adulto.</p><ul><li><strong>Tejido hidrófugo en dos capas</strong>: las gotitas se quedan fuera.</li><li><strong>Corte sin costura central</strong>, más cómodo al hablar y sin marca en la nariz.</li><li><strong>Se lava a 60 ºC hasta 25 veces</strong>: la de cada día entre semana, a la máquina el sábado.</li></ul><p>La goma de las orejas es negra, a tono con el tejido. Antibacteriana y fabricada en España; también en dos tallas infantiles, de 6 a 9 y de 9 a 12 años, para quien quiera vestir al peque como a un mayor.</p><p>Es una mascarilla higiénica que cumple UNE 0065; no está clasificada como producto sanitario ni como equipo de protección individual.</p>"
"151";"Mascarilla higiénica Leopard";"<p>Leopardo en beige, negro y naranja para una mascarilla higiénica reutilizable con la que ir a juego madre e hija, o hija y abuela. Las manchas son grandes e irregulares, con el centro naranja y el borde negro sobre un fondo arena, como en el estampado de temporada de un abrigo o un pañuelo. Sobre la cara queda un dibujo bien visible, nada tímido.</p><p>La goma de las orejas es negra y elástica, y la mascarilla va <strong>sin costura en el centro</strong>, así que no hay cresta sobre la nariz. Dentro y fuera, el <strong>mismo tejido hidrófugo en doble capa</strong>.</p><p>Se ofrece en <strong>talla adulto</strong> y en dos infantiles, M para los de 6 a 9 años y L para los de 9 a 12: el mismo leopardo en tres tamaños para salir de casa a juego el domingo.</p><p>Mascarilla higiénica conforme a la norma UNE 0065, no producto sanitario ni equipo de protección individual.</p>"
"152";"Mascarilla higiénica Estrellas";"<p>Negra con estrellas diminutas, como un cielo de noche: mascarilla higiénica reutilizable para quien busca discreción en el hospital o en el tren. De lejos es negra; de cerca aparecen puntitos blancos repartidos al azar, algunos en forma de destello. Un detalle que solo se nota cuando alguien se acerca a hablar.</p><p>Va bien con americana y con sudadera, y no chilla en una planta de hospital.</p><ul><li><strong>Doble capa del mismo tejido hidrófugo</strong>, por fuera y por dentro.</li><li><strong>Certificado Oeko-Tex clase I</strong>: apto para llevarla horas contra la piel.</li><li><strong>Homologada para el lavado a 60 ºC durante 25 ciclos</strong>, cinco veces más de lo que exige la norma.</li></ul><p>Se fabrica en España en talla adulto y en dos infantiles, M para los de 6 a 9 años y L para los de 9 a 12.</p><p>Se trata de una mascarilla higiénica conforme a UNE 0065, sin la consideración de producto sanitario ni de equipo de protección individual.</p>"
"153";"Mascarilla higiénica Acuarela";"<p>Acuarela en lila y rosa con flores dibujadas a línea: una mascarilla higiénica de tela reutilizable para adolescentes y adultos que cuidan el detalle. Es la que se pone con vaqueros, con vestido o con el uniforme del instituto sin que desentone. Un estampado suave, nada infantil, que también funciona en talla adulto.</p><p>Manchas de acuarela violeta y rosa se funden unas con otras, y encima asoman flores redondas trazadas con una sola línea en un tono más oscuro. El resultado es difuminado, como un cuadro visto muy de cerca.</p><p><strong>Dos capas del mismo tejido hidrófugo</strong>, <strong>sin costura central</strong> y con goma elástica en las orejas: se nota poco puesta y no marca el puente de la nariz.</p><p>Talla adulto y dos infantiles, para los de 6 a 9 años y para los de 9 a 12. Pasa por la lavadora a 60 ºC hasta 25 veces manteniendo sus propiedades.</p><p>Como todas las de la colección, es una mascarilla higiénica según UNE 0065 y no un producto sanitario ni un equipo de protección individual.</p>"
"154";"Cantimplora con vaso para niños personalizada";"<p>Cantimplora infantil con vaso, personalizada con la foto que tú elijas, en azul o rosa, para las excursiones del cole y los días de piscina. Tiene forma redondeada y plana, con un marco circular en la cara delantera donde va la imagen, por una cara o por las dos: la niña con gafas de corazones de la foto es solo un ejemplo.</p><ul><li><strong>Vaso con asa</strong> que hace de tapa: se desenrosca y el peque bebe sin morro ni pajita.</li><li><strong>Tapón de rosca con seguro</strong>, unido al cuerpo para que no se pierda en el patio.</li><li><strong>Correa ajustable</strong> para llevarla cruzada en la excursión.</li></ul><p>Es de polipropileno, ligera, y mide 13,5 × 17,5 × 6,5 cm, así que entra de pie en la mochila pequeña.</p><p>La personalización no es automática: al hacer el pedido eliges el modelo y después nos mandas por correo electrónico la foto o el diseño, indicando si la quieres azul o rosa. Con eso la preparamos y te la hacemos llegar.</p>"
"155";"Fiambrera infantil personalizada";"<p>Fiambrera infantil personalizada con foto o dibujo en la tapa, en azul o rosa, para el almuerzo del cole que no se confunde con el de nadie. Es una caja rectangular de esquinas redondeadas, con el cuerpo de color y la tapa clara, y en la tapa va impresa la imagen: en la foto, un karateka con el nombre de Mathew y una arquera con el de Anastasia, como muestra de lo que se puede hacer.</p><p>Mide 18,2 × 12,4 × 5,8 cm: cabe un bocadillo pequeño, o fruta cortada con unas galletas. El plástico es <strong>resistente a golpes y arañazos</strong>, que es lo que le espera dentro de una mochila de primaria.</p><p>Vale para <strong>lavavajillas, microondas y congelador</strong>, así que el almuerzo se prepara la noche anterior y se calienta en el comedor si hace falta.</p><p>Cómo se personaliza: haces el pedido y a continuación nos mandas por correo electrónico la foto o el diseño, con el color que prefieras, azul o rosa. La imprimimos en la tapa y te la hacemos llegar.</p>"
"156";"Estuche metálico escolar personalizado";"<p>Estuche escolar metálico personalizado con la foto que quieras en la tapa, en azul, rosa o metal, para los lápices de primaria. Es una caja de aluminio alargada y plana, con la tapa que se levanta entera y el interior en metal visto; la foto de la familia en la playa que se ve en la imagen es un ejemplo de lo que cabe en la tapa.</p><p>El <strong>aluminio aguanta los arañazos</strong> y los golpes del fondo de la mochila mucho mejor que un estuche de tela, con un <strong>acabado brillante</strong>. Dentro caben lápices, rotuladores, goma y sacapuntas.</p><p>Con la foto del perro, de los abuelos o del último cumpleaños, es de los regalos de vuelta al cole que no se olvidan en el pupitre.</p><p>La personalización se hace después del pedido: nos mandas por correo electrónico la foto o el diseño y nos dices el color de la caja, azul, rosa o metal. Nosotros la imprimimos en la tapa y te la hacemos llegar.</p>"
"157";"Babero bebé Oso tribal";"<p>Babero impermeable Oso tribal para bebés y niños de guardería: un oso pardo con collar de zigzag y flechas sobre fondo rosa palo con estrellas. Detrás asoman montañas verde menta y confeti de triángulos, y el <strong>ribete negro</strong> enmarca el dibujo como un cuadro. Es de la misma familia que el conejo, el zorro y el búho tribales, por si quieres el juego.</p><ul><li><strong>Microfibra impermeable</strong> con engomado que no deja pasar el puré ni el zumo a la camiseta.</li><li><strong>Se seca en minutos</strong>: un agua bajo el grifo, se escurre y está listo para la merienda.</li><li><strong>Cierre de velcro ajustable</strong>, desde los primeros meses hasta los cinco años.</li></ul><p>Para que en la guardería vuelva siempre a su casillero, añade el nombre bordado dentro de una nube de tela, marrón o rosa, a elegir.</p>"
"158";"Babero bebé Conejo tribal";"<p>Conejo tribal es un babero impermeable para bebé: un conejito gris con cinta de plumas, sobre un cielo azul claro con montañas rosas y menta. Lleva una flecha en la pata y estrellitas alrededor, y el <strong>bies negro</strong> del contorno hace que los tonos pastel destaquen más en la trona.</p><p>La tela es <strong>microfibra impermeabilizada</strong>: por dentro lleva un engomado que repele el puré, la papilla de frutas y el agua del vaso. Cuando termina de comer, se pasa por el grifo, se escurre y en un rato vuelve a estar seco, sin más.</p><p>Pesa muy poco y se lleva enrollado en el bolso del cambiador. El velcro del cuello se ajusta a cualquier medida, así que le sirve de bebé y le seguirá sirviendo en P3.</p><p>Lo confeccionamos en nuestro taller de Barcelona y, si lo pides con el nombre, lo bordamos dentro de una nube de tela, marrón o rosa, para que no se confunda con el del compañero de mesa.</p>"
"159";"Babero bebé Zorro tribal";"<p>Babero bebé Zorro tribal, impermeable y de secado rápido, con un zorro naranja con plumas y pintura de guerra entre abedules grises. Lleva collar de cuentas, dos rayas turquesa bajo los ojos y la cola levantada, sobre un bosque en gris y blanco que no compite con el personaje. Ribete negro alrededor.</p><ul><li><strong>No se cala</strong>: el engomado interior frena el puré de zanahoria y el yogur antes de que lleguen al body.</li><li><strong>Ligero y transpirable</strong>, no da calor en la nuca aunque lo lleve toda la comida.</li><li><strong>Velcro ajustable</strong> en el cuello para cerrarlo a su medida según crezca.</li></ul><p>Es de los que se secan antes de que acabe la siesta: enjuagado, escurrido y colgado, está listo para la merienda.</p><p>Con el <strong>nombre bordado</strong> dentro de una nube de tela, marrón o rosa, es un regalo de nacimiento que se usa de verdad, y no uno que se guarda en el armario.</p>"
"160";"Babero bebé Búho tribal";"<p>Para las comidas de la guardería, un babero impermeable con un búho pardo de plumas en la cabeza y alas de colores entre abedules sobre fondo menta. El plumaje mezcla amarillo, naranja y turquesa con rombos, y el <strong>ribete negro</strong> cierra el conjunto.</p><h3>Pensado para la pintura de dedos</h3><p>La <strong>microfibra impermeable</strong> aguanta igual la papilla que la témpera: lo que cae encima resbala y no traspasa. Al acabar, se pasa por el grifo, se escurre y en unos minutos está seco para la siguiente comida.</p><p>El velcro del cuello se ajusta a la medida justa, así que acompaña desde los primeros purés hasta que come solo en el cole.</p><p>Cosido en nuestro taller de Barcelona. Si quieres su nombre, va bordado dentro de una nube de tela, marrón o rosa, y así la educadora sabe de quién es sin preguntar.</p>"
"161";"Babero bebé Osito polar";"<p>Babero bebé Osito polar: un oso blanco con un pajarito en la cabeza nadando entre peces sobre fondo menta nevado, en microfibra impermeable. Los triángulos blancos hacen de nieve y el agua turquesa de abajo lleva tres pececitos oscuros. El <strong>bies negro</strong> recorre todo el borde.</p><p>Es el babero de las tardes de invierno con puré caliente: el <strong>engomado interior</strong> no deja pasar la humedad, así que la camiseta de debajo se queda seca aunque el bebé decida comer con las manos.</p><p>Se aclara bajo el grifo, se escurre y se cuelga: cuando termina la siesta ya está seco otra vez. Pesa muy poco y va enrollado en cualquier bolso.</p><p>Cierre de velcro ajustable en el cuello, para que le valga de bebé y de niño de guardería. Con el nombre bordado dentro de una nube de tela, marrón o rosa, llega a casa como un regalo de nacimiento con dueño.</p>"
"162";"Babero microfibra impermeable Baby Shark";"<p>Babero impermeable Baby Shark con un tiburón bebé sonriente entre corales y peces payaso, para comer y pintar sin manchar la ropa de 0 a 6 años. La escena es submarina y a todo color: arena, corales rosas y naranjas, peces de rayas y el tiburón gris con la boca abierta, enmarcado por un <strong>ribete negro</strong>.</p><ul><li><strong>Repele los líquidos</strong>: la microfibra lleva un engomado interior y el zumo derramado se queda encima.</li><li><strong>Un agua y listo</strong>: se enjuaga bajo el grifo, se escurre y en minutos está seco para la siguiente toma.</li><li><strong>Cierre ajustable</strong> en el cuello para ir cambiando la medida según crece.</li></ul><p>Confeccionado en nuestro taller de Barcelona. Si lo quieres con el nombre, va bordado dentro de una nube de tela, marrón o rosa, para que en la guardería se distinga del resto de tiburones.</p>"
"163";"Lamina decorativa Osito tribal";"<p>Lámina decorativa Osito tribal, un oso pardo con collar de triángulos de colores sobre fondo rosa empolvado, para la habitación del bebé. El oso asoma detrás de unas montañas verde menta y sujeta un ramillete de plumas y flechas; alrededor llueven estrellas, puntos y triángulos en mostaza, gris y menta, como confeti.</p><p>Es un <strong>diseño exclusivo de Pronens</strong>, dibujado para esta lámina, así que no lo verás repetido en la habitación de otro bebé.</p><p>Va impresa en <strong>papel reciclado con certificado FSC de 300 gramos</strong>, grueso y rígido, que no se ondula una vez enmarcada. La tienes en dos tamaños: 32 × 45 cm para presidir la pared sobre la cuna o la cómoda, y 20 × 30 cm para combinarla con otras láminas en una composición.</p><p>Los tonos rosa, menta y mostaza encajan con las habitaciones de estilo nórdico y con la madera clara de los muebles.</p>"
"164";"Babero bebé Bailarina";"<p>Babero bebé Bailarina en microfibra impermeable: una gatita blanca con tutú rosa haciendo puntas sobre fondo gris con lunares blancos. Lleva un lacito en la oreja, mejillas sonrosadas y una pierna estirada, dibujada con trazo fino; el <strong>ribete negro</strong> le da el marco. Es de los baberos más sobrios del catálogo, para quien prefiere gris y pastel a los colores fuertes.</p><p>Por dentro, el <strong>engomado impermeable</strong> frena el puré y el yogur, y por fuera la tela se nota suave y no da calor.</p><p>Cuando acaba la comida, se pasa por el grifo y se cuelga: en un rato está seco, sin esperar a llenar la cesta. Por eso es el que va siempre en el bolso del cambiador, enrollado.</p><p>El velcro del cuello se ajusta a cada edad. Y si es para una bailarina con nombre, lo bordamos dentro de una nube de tela, marrón o rosa, a juego con el tutú o con la trona.</p>"
"165";"Mascarilla higiénica Espacio";"<p>Para la temporada de gripe en el cole: mascarilla higiénica infantil morada con cohetes, naves y planetas, con la opción de bordar el nombre del niño. Sobre un fondo violeta oscuro vuelan platillos con sus tripulantes, cohetes rojos y azules, planetas con anillo y una lluvia de estrellitas blancas. Un estampado que hace que quiera ponérsela él solo.</p><ul><li><strong>Doble capa hidrófuga</strong> del mismo tejido, sin filtro que cambiar.</li><li><strong>Sin costura central</strong>, cómoda para toda la mañana de clase.</li><li><strong>Nombre bordado</strong> opcional, hasta 30 caracteres, para que no se confunda con la de un compañero en el perchero.</li></ul><p>Tallas infantil M (6-9 años) e infantil L (9-12), y adulto para el resto de la familia. Se fabrica en España y aguanta el lavado a 60 ºC al menos 25 veces.</p><p>Es una mascarilla higiénica conforme a UNE 0065: no es un producto sanitario ni un equipo de protección individual.</p>"
"166";"Mascarilla higiénica navy";"<p>Mascarilla higiénica reutilizable navy con flamencos fucsia, sobria de lejos y con guiño de cerca, para el metro diario o el avión de las vacaciones. El fondo es azul marino y los flamencos van en fucsia, con sus sombras en un azul apenas más claro que el fondo. El contraste deja ver el dibujo sin que la mascarilla deje de ser oscura, y a ellos también les gusta.</p><p><strong>Doble capa del mismo tejido hidrófugo</strong>, <strong>sin costura en el centro</strong> y con goma negra en las orejas. Se lleva un trayecto largo sin acordarse de ella.</p><p>Además de la talla adulto hay dos infantiles, de 6 a 9 años y de 9 a 12. Y si la quieres con el <strong>nombre bordado</strong>, lo hacemos en nuestro taller: con varias iguales en casa, es la forma de que cada uno coja la suya.</p><p>Homologada para lavarse a 60 ºC hasta 25 veces.</p><p>Mascarilla higiénica según la norma UNE 0065, sin condición de producto sanitario ni de equipo de protección individual.</p>"
"167";"Mascarilla higiénica Unicornio";"<p>Unicornios blancos con melena rosa, arcoíris y estrellas sobre fondo morado: la mascarilla higiénica infantil que tu hija querrá ponerse sola. Los unicornios trotan y saltan entre corazones y estrellas amarillas, y un arcoíris cruza la tela de lado a lado. Colores vivos sobre un fondo oscuro que además disimula el uso.</p><ul><li><strong>Dos capas del mismo tejido hidrófugo</strong>, ligeras, que repelen las gotitas.</li><li><strong>Goma elástica en las orejas</strong>, sin nudos, se ajusta sola.</li><li><strong>Con su nombre bordado</strong>, si lo quieres: así vuelve del cole a casa y no acaba en la caja de objetos perdidos.</li></ul><p>Tallas infantil M (de 6 a 9 años), infantil L (de 9 a 12) y adulto. Fabricada en España, se lava a 60 ºC hasta 25 veces sin que pierda sus propiedades.</p><p>Ten en cuenta que es una mascarilla higiénica (UNE 0065) y no un producto sanitario ni un equipo de protección individual.</p>"
"168";"Mascarilla higiénica Mariposas";"<p>Mariposas naranjas, rosas y amarillas sobre fondo lila, en una mascarilla higiénica infantil reutilizable para la revisión del pediatra o el hospital. Entre las mariposas, de alas redondeadas y colores de caramelo, crecen margaritas blancas y amarillas. Es un estampado dulce y luminoso que relaja la sala de espera, al menos un poco.</p><p>Se nota poco puesta: va <strong>sin costura central</strong> y la goma de las orejas cede sin tirar. Las dos capas son del mismo tejido hidrófugo, con <strong>certificado Oeko-Tex clase I</strong> para el contacto prolongado con la piel.</p><h3>Con su nombre bordado</h3><p>Si la pides con el nombre, lo bordamos a máquina en nuestro taller de Barcelona, con el hilo y la letra que fijamos para esta tela. En una consulta llena de niños nadie duda de quién es cada una.</p><p>Está en infantil M (6-9 años), infantil L (9-12) y adulto. Se lava a 60 ºC, hasta 25 veces.</p><p>Es una mascarilla higiénica conforme a UNE 0065 y no tiene consideración de producto sanitario ni de equipo de protección individual.</p>"
"169";"Mascarilla higiénica celeste";"<p>Mascarilla higiénica celeste con flores blancas dibujadas a línea, discreta y clara, para adultos y niños que prefieren un estampado que no grite. Rosas, hojas y tallos en blanco sobre azul cielo, tono sobre tono, como una tela de sábana antigua. Aclara la cara y va bien con camisa, con uniforme y con chándal.</p><ul><li><strong>Doble capa hidrófuga</strong> del mismo tejido, sin recambios de filtro.</li><li><strong>Sin costura central</strong>: cae lisa sobre la nariz.</li><li><strong>Nombre bordado opcional</strong>, para que cada uno de la casa reconozca la suya aunque todas lleven el mismo estampado.</li></ul><p>Con tres tallas, infantil M (de 6 a 9 años), infantil L (de 9 a 12) y adulto, se puede vestir a juego toda la familia. Se fabrica en España y soporta 25 ciclos a 60 grados en la máquina.</p><p>Mascarilla higiénica conforme a UNE 0065: ni producto sanitario ni equipo de protección individual.</p>"
"170";"Mascarilla higiénica fucsia";"<p>Aguacates sobre fondo fucsia con triángulos de lunares: mascarilla higiénica infantil reutilizable para el cole, con el nombre bordado si lo quieres. Los aguacates van partidos por la mitad, verde claro con el hueso oscuro, y entre ellos triángulos rosa punteados de negro, al estilo de los estampados de los noventa. El fucsia se ve desde la otra punta del patio.</p><p>Pensada para las semanas de gripe en clase: <strong>dos capas del mismo tejido hidrófugo</strong>, con tratamiento antibacteriano, y una <strong>goma en las orejas</strong> que aguanta el quitar y poner del recreo.</p><p>Con el <strong>nombre bordado</strong> no se confunde con la de la compañera de al lado; el hilo y la letra los fijamos nosotros para cada tela. Es opcional.</p><p>Hay talla infantil M (6-9 años), infantil L (9-12) y también adulto. Lavado a 60 ºC: aguanta 25 ciclos.</p><p>Y como toda mascarilla higiénica conforme a UNE 0065, no es un producto sanitario ni un equipo de protección individual.</p>"
"171";"Mascarilla higiénica Boho";"<p>Mascarilla higiénica Boho, con osos y búhos de estilo tribal con plumas en la cabeza sobre fondo crema, en tallas de niño desde 6 años y de adulto. Entre los animales asoman tipis verdes, flechas y plumas, un estampado tan suave a la vista que sirve igual para la clase de tercero que para la madre que la acompaña al pediatra.</p><p>Está cortada <strong>sin costura central</strong>, así que el dibujo no se parte por la mitad y la tela no roza la nariz. Las dos capas son del mismo <strong>tejido hidrófugo</strong>, que repele las gotitas por fuera y por dentro.</p><p>Cuando la gripe llega al cole y toca llevarla unos días, se lava a 60 ºC y aguanta 25 ciclos, que dan para el invierno entero. Fabricada en España.</p><p>Si en casa hay dos iguales, pide la suya con el <strong>nombre bordado</strong>, un extra opcional, y no habrá discusión sobre cuál es de quién.</p><p>Es una mascarilla higiénica conforme a la UNE 0065: no es un producto sanitario ni un equipo de protección individual.</p>"
"172";"Mascarilla higiénica rosa";"<p>Rosa empolvado con hojas y ramitas en blanco: una mascarilla higiénica de tela reutilizable, discreta, para niñas desde 6 años y para adultos. El dibujo es fino y casi translúcido, de los que combinan con el uniforme, con el chándal y con el abrigo de los domingos sin llamar la atención.</p><ul><li><strong>Dos capas</strong> iguales de tejido hidrófugo, para frenar las gotitas.</li><li><strong>Goma elástica</strong> en las orejas, que se pone y se quita en un segundo.</li><li><strong>Tres tallas</strong>: la M de 6 a 9 años, la L hasta los 12 y la de adulto.</li></ul><p>Vuelve a la lavadora hasta 25 veces, así que una sola mascarilla cubre la época del polen entera y parte del otoño.</p><p>Con el <strong>nombre bordado</strong>, opcional, se distingue de la de su hermana aunque las dos elijan el mismo rosa.</p><p>Mascarilla higiénica según la especificación UNE 0065; no es un producto sanitario ni un equipo de protección individual.</p>"
"173";"Mascarilla higiénica Geometrics";"<p>Para el metro, el tren y los viajes largos: mascarilla higiénica negra con animales de papiroflexia en línea blanca, en talla infantil y de adulto. Pájaros, zorros y peces plegados como origami, a trazo fino, sobre un negro que va con cualquier chaqueta y no se ensucia a la vista.</p><p>La <strong>doble capa</strong> es del mismo tejido, tratado para <strong>repeler las gotitas</strong>, y el patrón sin costura en el centro deja la tela lisa sobre la nariz y la boca. Las gomas van a las orejas.</p><p>Pensada para llevarla a menudo, no un día: se lava a 60 ºC y resiste 25 ciclos, que en un viajero de cercanías son varios meses.</p><p>La talla M va de 6 a 9 años, la L de 9 a 12 y la de adulto desde ahí. Fabricada en España.</p><p>Si en casa hay varias negras, el <strong>nombre bordado</strong> opcional evita cambios en la percha.</p><p>Cumple la UNE 0065 como mascarilla higiénica; no está clasificada como producto sanitario ni como equipo de protección individual.</p>"
"174";"Mascarilla higiénica Calaveras";"<p>Calaveras blancas con tibias cruzadas sobre negro: mascarilla higiénica de tela para quien quiere pinta de pirata, de primaria a los adultos. Las calaveras son pequeñas y de gesto simpático, más de tesoro escondido que de miedo, y el negro de fondo aguanta bien el uso diario.</p><h3>Por qué se la pone sin protestar</h3><p>Porque el dibujo lo ha elegido él. Y porque el <strong>corte sin costura central</strong> no le aprieta la nariz ni se le mete en la boca al hablar. La <strong>goma va a las orejas</strong> y se pone en un gesto.</p><p>Las dos capas son del mismo tejido hidrófugo y aguantan la lavadora a 60 ºC, mínimo 25 veces, así que le dura la temporada de gripe entera y la siguiente.</p><p>Con su <strong>nombre bordado</strong>, si lo quieres, para que el pirata de al lado no se la lleve a casa por error.</p><p>Mascarilla higiénica conforme a UNE 0065. No es un producto sanitario ni un equipo de protección individual.</p>"
"175";"Mascarilla higiénica lila";"<p>Lila con topos blancos: mascarilla higiénica reutilizable de tela, sencilla y alegre, para niñas y niños desde 6 años y con talla de adulto a juego. Los topos son pequeños y regulares, de lunar clásico, y el lila es claro, de los que dan luz a la cara en vez de apagarla.</p><p>El tejido es <strong>hidrófugo por las dos caras</strong>, porque las dos capas son de la misma tela, y va <strong>sin costura en el centro</strong>: nada que roce en el puente de la nariz durante una tarde de pediatra y sala de espera.</p><p>Es antibacteriana y se lava a 60 ºC hasta 25 veces, con lo que una sola mascarilla cubre las semanas de polen de la primavera.</p><p>Si madre e hija se la piden igual, el <strong>nombre bordado</strong>, que es opcional, deja claro cuál es de cada una.</p><p>Se trata de una mascarilla higiénica según UNE 0065, no de un producto sanitario ni de un equipo de protección individual.</p>"
"176";"Mascarilla higiénica Marinero";"<p>Mascarilla higiénica infantil Marinero, beige con timones de barco en marrón, para niños y niñas de 6 a 12 años que ya van al cole en metro o en autobús. El timón se repite en filas ordenadas sobre un fondo color arena, un estampado tranquilo que no cansa al tercer día.</p><ul><li><strong>Dos tallas de niño</strong>: la M de 6 a 9 años y la L de 9 a 12. De este modelo no hay talla de adulto.</li><li><strong>Tejido hidrófugo en las dos capas</strong>, la exterior y la que toca la cara.</li><li><strong>Sin costura central</strong>, para que el timón no quede partido y la tela no roce.</li></ul><p>Está fabricada en España y sale de la lavadora a 60 ºC hasta 25 veces.</p><p>El <strong>nombre bordado</strong> es opcional, y en una clase con varios marineros ayuda a que cada uno recupere la suya.</p><p>Es una mascarilla higiénica, conforme a la especificación UNE 0065, y no un producto sanitario ni un equipo de protección individual.</p>"
"177";"Mascarilla higiénica Margaritas";"<p>Margaritas blancas sobre azul marino en una mascarilla higiénica de tela para niñas y niños de 6 a 9 años, en talla infantil M. Las flores son diminutas, con el centro en tono melocotón y un tallo verde apenas dibujado, un estampado de vestido de verano llevado a la cara.</p><p>Solo existe en la talla pequeña, la de segundo y tercero de primaria, así que si la tuya ya tiene 10 años mira la talla L de otros modelos.</p><p>Va <strong>sin costura por el centro</strong>, cosa que se nota al hablar: la tela no se mete en la boca. Las <strong>dos capas</strong> son del mismo tejido que repele las gotitas y la <strong>goma de las orejas</strong> se pone sin ayuda.</p><p>A 60 ºC aguanta 25 ciclos, de sobra para los días de gripe en el cole y las visitas al pediatra de un curso.</p><p>Se puede pedir con el nombre bordado, opcional, que en una mascarilla infantil es la diferencia entre volver a casa o quedarse en el cajón de objetos perdidos.</p><p>Mascarilla higiénica conforme a la norma UNE 0065; ni producto sanitario ni equipo de protección individual.</p>"
"178";"Mascarilla higiénica coral";"<p>Fondo del mar en la cara: mascarilla higiénica azul marino con corales rosas, algas verdes y peces payaso naranjas, en tallas de 6 años a adulto. Entre el coral asoman estrellas de mar amarillas y burbujas, con el colorido de un acuario visto de noche.</p><p>Un buen argumento cuando hay que llevarla al colegio en temporada de gripe o en la sala de espera del pediatra: busca el pez payaso y se pasa la espera. Se la pone sola gracias a la <strong>goma en las orejas</strong>.</p><p>Las dos capas son de un mismo <strong>tejido hidrófugo</strong>, antibacteriano y con certificado Oeko-Tex de clase I, el apto para llevar horas sobre la piel. Vuelve de la lavadora a 60 ºC hasta 25 veces.</p><p>Añade el <strong>nombre bordado</strong>, opcional, si van dos hermanos con el mismo fondo marino.</p><p>Mascarilla higiénica de acuerdo con la UNE 0065; no es un producto sanitario ni un equipo de protección individual.</p>"
"179";"Mascarilla higiénica Tiburón";"<p>Tiburones azul claro nadando sobre azul marino: mascarilla higiénica de tela para niños y niñas de 6 a 9 años, en talla infantil M. Los escualos van en todas direcciones, con la boca entreabierta y líneas de agua detrás, y llenan la mascarilla de lado a lado.</p><h3>La que quiere ponerse</h3><p>Un niño de siete años se resiste a la mascarilla lisa y sale corriendo a buscar la de tiburones. En el pediatra, en el tren de las vacaciones o la semana que la gripe recorre la clase, ese detalle lo cambia todo.</p><p>El <strong>tejido hidrófugo</strong> va en las dos capas, la mascarilla no lleva <strong>costura en el centro</strong> y la <strong>goma de las orejas</strong> se la pone él mismo. En la lavadora a 60 ºC aguanta 25 ciclos.</p><p>Solo se fabrica en la talla M. Si quieres, el nombre bordado, opcional, evita que dos tiburones de la misma clase se confundan.</p><p>Es una mascarilla higiénica según UNE 0065 y no un producto sanitario ni un equipo de protección individual.</p>"
"180";"Mascarilla higiénica Aguacates";"<p>Aguacates partidos por la mitad sobre fondo crema: mascarilla higiénica de tela reutilizable con humor de brunch, de los 6 años a la talla de adulto. Cada aguacate enseña el hueso y va girado a su aire, en un verde que destaca sobre el fondo claro sin chillar.</p><ul><li><strong>Doble capa de tejido hidrófugo</strong>, el mismo por fuera y por dentro.</li><li><strong>Sin costura central</strong>: el aguacate no queda partido y la tela cae lisa.</li><li><strong>Goma elástica en las orejas</strong>, sin cintas que anudar.</li></ul><p>Se lava a 60 ºC y aguanta 25 ciclos, así que sirve para todo el curso de autobús al trabajo o al instituto. Fabricada en España.</p><p>Tres tallas: infantil M de 6 a 9 años, infantil L de 9 a 12 y adulto. Para el adolescente que ya no quiere dibujos de niño, esta es de las que sí acepta.</p><p>Con el <strong>nombre bordado</strong> si la quieres personal, un extra opcional que se añade al pedirla.</p><p>Mascarilla higiénica bajo la especificación UNE 0065; no es un producto sanitario ni un equipo de protección individual.</p>"
"181";"Mascarilla higiénica Rayas";"<p>Rayas verticales blancas y negras, anchas y sin más adorno: mascarilla higiénica de tela reutilizable para adultos y para niños desde 6 años. Es el estampado más gráfico de la colección, el que va igual de bien con un traje que con una camiseta de concierto.</p><p>Las rayas siguen enteras de arriba abajo porque la mascarilla se corta <strong>sin costura central</strong>, un detalle que en un dibujo tan geométrico se nota a la primera. Las <strong>dos capas</strong> son del mismo tejido hidrófugo y la <strong>goma va a las orejas</strong>.</p><p>Para quien la usa en el transporte público a diario: sale de la lavadora a 60 ºC hasta 25 veces. Fabricada en España, con tejido certificado Oeko-Tex para el contacto prolongado con la piel.</p><p>Hay tres tallas: adulto, infantil L de 9 a 12 años e infantil M de 6 a 9.</p><p>Puedes añadir el <strong>nombre bordado</strong>, que es opcional, para no confundirla con otra igual en casa.</p><p>Mascarilla higiénica conforme a UNE 0065, no producto sanitario ni equipo de protección individual.</p>"
"182";"Mascarilla higiénica Tropical";"<p>Hibiscos fucsia y hojas de palmera sobre azul marino: mascarilla higiénica Tropical de tela, en tallas de 6 a 12 años y de adulto, para viajar con color. Las flores van abiertas, en rosa y coral, y las hojas alternan el azul turquesa con el rosa pálido, como una camisa hawaiana en versión pequeña.</p><p>El estampado cubre la mascarilla entera y el <strong>tejido hidrófugo</strong> de las dos capas hace que las gotitas se queden fuera. Sin costura por la mitad, así que la flor del centro sale entera.</p><p>Va bien en el avión y en el tren de las vacaciones, y en la época de polen, cuando una mascarilla con flores tiene su gracia. Se lava a 60 ºC y resiste 25 ciclos.</p><p>La talla M cubre de 6 a 9 años, la L de 9 a 12 y la de adulto el resto.</p><p>El <strong>nombre bordado</strong> es opcional; con un estampado tan cargado conviene bordarlo para saber de quién es cada una cuando toda la familia lleva la misma.</p><p>Es una mascarilla higiénica (UNE 0065), no un producto sanitario ni un equipo de protección individual.</p>"
"183";"Mascarilla higiénica Primavera";"<p>Mariposas amarillas, bayas rojas y hojas azul oscuro sobre blanco: mascarilla higiénica Primavera de tela, para niñas y niños desde 6 años y para adultos. El dibujo es de cuento ilustrado, con flores naranjas y brotes turquesa repartidos sin amontonarse, y el fondo blanco le da luz.</p><p>Justo para la estación que le da nombre, cuando el polen aprieta y una mascarilla ligera se agradece en el parque y en el camino al cole.</p><ul><li><strong>Tejido hidrófugo</strong> en las dos capas, que repele las gotitas.</li><li><strong>Sin costura central</strong>, más cómoda sobre la nariz.</li><li><strong>Antibacteriana</strong>, con certificado Oeko-Tex de clase I para pieles que la llevan horas.</li></ul><p>Está fabricada en España y, en la lavadora a 60 ºC, aguanta 25 ciclos.</p><p>Si la pides con el <strong>nombre bordado</strong>, un opcional más, la mariposa de tu hija no volará a otra mochila.</p><p>Ten en cuenta que es una mascarilla higiénica según UNE 0065, no un producto sanitario ni un equipo de protección individual.</p>"
"184";"Mascarilla higiénica Fashion";"<p>Leopardo en rosa con manchas negras y fucsia: mascarilla higiénica Fashion, de tela reutilizable, en talla de adulto y en infantil desde 6 años. El fondo es un rosa claro y las manchas, grandes, mezclan el negro con un fucsia vivo, más de pasarela que de safari.</p><p>Es la mascarilla de quien la lleva como un accesorio y la combina con el bolso o con las zapatillas. Y aguanta el ritmo: <strong>dos capas del mismo tejido hidrófugo</strong>, patrón <strong>sin costura central</strong> para que la tela quede lisa, y <strong>goma en las orejas</strong>.</p><p>Para el metro de cada día y las escapadas de fin de semana, se lava a 60 ºC un mínimo de 25 veces.</p><p>Las tallas van de la infantil M, de 6 a 9 años, a la de adulto, pasando por la L de 9 a 12.</p><p>El <strong>nombre bordado</strong> es opcional, para que nadie de casa se la ponga por confusión.</p><p>Recuerda que es una mascarilla higiénica (UNE 0065) y no un producto sanitario ni un equipo de protección individual.</p>"
"185";"Mascarilla higiénica Samurái";"<p>Máscara de samurái con colmillos y cordón trenzado en la barbilla: mascarilla higiénica de tela para niños desde 6 años y adultos con sentido del humor. Está impresa a tamaño real, en marrón oscuro con el gesto fiero y los dientes a la vista, y al ponérsela la cara entera cambia.</p><h3>La que da conversación</h3><p>En el autobús del cole o en la sala de espera, la mascarilla del samurái es la que todos miran y la que el niño no se quita a la primera. Y gusta igual a un hijo de ocho años que a su padre.</p><p>Debajo del dibujo, lo importante: <strong>doble capa de tejido hidrófugo</strong>, <strong>sin costura por el centro</strong> para que la máscara no quede partida, y <strong>goma elástica</strong> en las orejas. Se lava a 60 ºC y aguanta 25 ciclos.</p><p>Tallas infantil M (6 a 9 años), infantil L (9 a 12) y adulto. Fabricada en España.</p><p>Con el nombre bordado, si lo pides, el guerrero vuelve siempre a su dueño.</p><p>Es una mascarilla higiénica según la especificación UNE 0065; no está clasificada como producto sanitario ni como equipo de protección individual.</p>"
"186";"Mascarilla higiénica Catrina";"<p>Calavera de azúcar con adornos azules y naranjas y una flor en la barbilla: mascarilla higiénica Catrina de tela, desde los 6 años y en talla de adulto. Sobre el fondo blanco hueso van la nariz negra en forma de corazón, la sonrisa dibujada y las volutas de colores de la fiesta mexicana de los difuntos.</p><p>Hay quien la elige para la fiesta de disfraces y acaba usándola en el metro todo el año, porque el dibujo es alegre y no da miedo a nadie. En el cole, cuando toca llevarla por la gripe, es la que pide la niña que ya sabe lo que le gusta.</p><p>Por debajo de la pintura, <strong>dos capas del mismo tejido hidrófugo</strong> que repele las gotitas, <strong>sin costura central</strong> para que la cara no quede dividida, y goma en las orejas. En la lavadora a 60 ºC dura 25 ciclos como mínimo.</p><p>El <strong>nombre bordado</strong> es opcional y viene bien si dos amigas llevan la misma Catrina.</p><p>Como mascarilla higiénica cumple la UNE 0065; no es producto sanitario ni equipo de protección individual.</p>"
"187";"Mascarilla higiénica Joker";"<p>Cara de payaso con la nariz roja y una sonrisa pintada de oreja a oreja: mascarilla higiénica Joker de tela, para niños desde 6 años y para adultos. El maquillaje blanco va agrietado, la boca roja se sale de los labios y el efecto, fotográfico, es de villano de cómic que se ríe de todo.</p><p>Es la mascarilla de la fiesta de Halloween que luego se queda para el instituto, el metro y los días en que hay que llevarla por la gripe y se prefiere hacerlo con gracia.</p><ul><li><strong>Doble capa</strong> de un mismo tejido hidrófugo que repele las gotitas.</li><li><strong>Sin costura central</strong>, para que la sonrisa salga entera.</li><li><strong>Goma elástica en las orejas</strong>, se pone y se quita en un gesto.</li></ul><p>Se lava a 60 ºC y aguanta 25 ciclos, que dan para muchas risas.</p><p>El <strong>nombre bordado</strong>, opcional, ayuda a que el payaso vuelva a casa con su dueño.</p><p>Mascarilla higiénica conforme a la especificación UNE 0065, y no un producto sanitario ni un equipo de protección individual.</p>"
"188";"Babero bebé 5 Little Monkeys";"<p>Cinco monitos saltando en la cama, como en la canción, decoran el babero impermeable 5 Little Monkeys para bebés y niños de guardería. Los monos brincan sobre fondo verde agua con hojitas, uno con flor, otro con lazo y el último ya caído en la colcha azul de lunares, tal y como dice la letra. <strong>Ribete negro</strong> alrededor.</p><ul><li><strong>Microfibra impermeable</strong>: el engomado interior aguanta la papilla, el zumo y la pintura de dedos.</li><li><strong>Seca en minutos</strong> tras un agua bajo el grifo, listo para la merienda del mismo día.</li><li><strong>Cierre de velcro ajustable</strong> en el cuello, para bebés y para niños que ya comen solos.</li></ul><p>Si en casa se canta la canción antes de comer, el nombre bordado dentro de una nube de tela, marrón o rosa, convierte al peque en el sexto monito de la cama.</p>"
"189";"Babero bebé León";"<p>Babero bebé León en microfibra impermeable, con un león de melena arcoíris y coronita sobre fondo turquesa, para las comidas de la guardería. Está sentado en una nubecita entre hojas blancas, estrellas amarillas y corazones, y el <strong>ribete negro</strong> remata el borde.</p><h3>Cómo se usa</h3><p>Se pone para el puré, la fruta chafada o la pintura de dedos y, al terminar, un agua bajo el grifo: la <strong>microfibra engomada</strong> no absorbe, así que se escurre y se seca en minutos. No hace falta esperar a tener la cesta llena.</p><p>Es ligero y suave, no raspa la barbilla y el velcro del cuello se ajusta a cualquier medida, del bebé al niño de P3.</p><p>Lo cosemos en nuestro taller de Barcelona y podemos bordarle el nombre dentro de una nube de tela, marrón o rosa, para que el rey de la selva no se pierda en la guardería.</p>"
"190";"Babero bebé Lapin noir";"<p>Babero bebé Lapin noir: un conejo blanco de orejas rosas y coronita sobre fondo negro estrellado, con un «hello» en letra rosa encima. Es el babero de fondo oscuro de la colección, para las familias que visten al bebé de negro y gris y no quieren pastel en la trona. El <strong>ribete negro</strong> se funde con el fondo.</p><p>Sobre negro, las manchas de puré de calabaza cantan menos mientras dura la comida. Después, el <strong>engomado impermeable</strong> de la microfibra hace lo suyo: se aclara bajo el grifo, se escurre y en minutos está seco.</p><p>Ligero y transpirable, se lleva enrollado en el bolso, y el velcro del cuello se ajusta para que le dure hasta la guardería.</p><p>Para regalar en un nacimiento, pídelo con el nombre bordado dentro de una nube de tela, marrón o rosa: sobre este fondo la nube destaca todavía más.</p>"
"191";"Bolsa impermeable guardería Oso Tribal";"<p>Oso Tribal es un saco de guardería impermeable con un oso pardo de collar de triángulos sobre fondo crema, para la muda y el almuerzo de 0 a 12 años. La ilustración es plana y de estilo nórdico: el oso lleva un carcaj de flechas con plumas de colores, asoma entre montañas turquesa y grises y el cielo está salpicado de estrellitas doradas, negras y lila.</p><p>Sirve para el fin de semana en casa de los abuelos tanto como para la escuela infantil: en la bolsa grande cabe el pijama con la ropa del domingo, y en la pequeña las galletas del camino. Si el zumo se derrama, el <strong>interior engomado</strong> lo retiene y el asiento del coche se salva.</p><p>La <strong>chupetera</strong> completa el juego, del tamaño justo para el chupete y un muñequito. Las tres se cierran con cordón, que además sirve para colgarlas de la percha o del carrito.</p><p>Añade el <strong>nombre bordado</strong> y va dentro de una nube de tela, marrón o rosa; sobre el fondo crema del oso las dos quedan bien.</p>"
"192";"Bolsa guardería Zorro Tribal";"<p>Bolsa de guardería impermeable con un zorro tribal entre abedules blancos, para llevar la muda y el desayuno de los peques sin mojar la mochila. El zorro naranja lleva cinta de plumas en la cabeza, dos rayas turquesa pintadas en las mejillas y una cola con motivos geométricos, todo sobre un bosque gris claro dibujado a trazo limpio.</p><p>Lo que la hace distinta de una bolsa de tela cualquiera está por dentro: un <strong>engomado que repele los líquidos</strong>. El pantalón del accidente de la siesta, la toalla de la piscina o el yogur que se abrió llegan a casa dentro de la bolsa, no en el forro de la mochila.</p><ul><li><strong>Seca en un rato</strong>, sin que quede olor a humedad.</li><li><strong>Cierre con cordón</strong> ajustable que cuelga del carrito o de la percha.</li><li><strong>Tres medidas</strong>: mini para el chupete, pequeña para el almuerzo, grande para la muda.</li></ul><p>El nombre bordado va dentro de una <strong>nube marrón o rosa</strong>, con el mismo aire de bosque que el zorro.</p>"
"193";"Bolsa impermeable guardería Búho Tribal";"<p>Juego de bolsas impermeables de guardería con un búho tribal sobre fondo menta, en tres medidas para el chupete, el almuerzo y la muda de los peques. El búho marrón lleva una cinta de plumas en la cabeza y alas con triángulos de colores, y detrás se alinean troncos de abedul blancos sobre verde agua.</p><h3>Tres tamaños, un solo búho</h3><p>La <strong>mini</strong> guarda el chupete y algún juguete de bolsillo; la <strong>pequeña</strong> lleva el bocadillo, la fruta y la botella; la <strong>grande</strong> se queda con la ropa de recambio entera, calcetines y calzado incluidos. Tenerlas a juego tiene una ventaja práctica: en el casillero se ve de un golpe qué es de tu hijo.</p><p>Son de <strong>microfibra impermeabilizada</strong>, ligeras y con engomado por dentro, así que la que va con lo húmedo no moja a las otras dos.</p><p>Las confeccionamos en nuestro taller de Barcelona, y ahí mismo bordamos el nombre dentro de una nube de tela, marrón o rosa, sobre las tres o solo sobre la que quieras.</p>"
"194";"Bolsa impermeable guardería El Dorado";"<p>Saco impermeable El Dorado, con un niño vaquero a lomos de un caballo de oro, para la muda y la merienda de la guardería o el cole de 0 a 12 años. En la lámina, el caballo se encabrita sobre una ola de rizos dorados bajo un cielo azul con nubes, y el jinete pelirrojo, con sombrero marrón, sonríe como si el viaje acabara de empezar. El cordón es azul marino.</p><p>El Dorado es la ciudad de oro que nadie encontró nunca; aquí quien la busca es un niño, y por eso cae tan bien en una bolsa de escuela infantil.</p><p>Por dentro lleva <strong>engomado impermeable</strong>, de modo que la ropa mojada o el plátano aplastado se quedan en el saco. Pesa muy poco y se cierra con un <strong>cordón ajustable</strong> que sirve de asa.</p><p>Elige la <strong>chupetera</strong>, la de almuerzo o la de muda, y si quieres el nombre bordado, va dentro de una nube de tela en marrón o en rosa.</p>"
"195";"Bolsa impermeable guardería Baby Shark";"<p>Bolsa impermeable de piscina y guardería con Baby Shark, un tiburoncito azul entre peces de colores, para el bañador mojado y la muda del cole. El tiburón camina por la arena con la boca abierta y cara de fiesta, rodeado de corales rosas, peces payaso y otros tiburoncitos, sobre un fondo de agua azul. El cordón es azul eléctrico.</p><p>Es la bolsa que va al cursillo de natación: el <strong>engomado interior</strong> retiene el agua del bañador y del gorro, y la toalla que va al lado sigue seca. En la playa hace lo mismo con las chanclas mojadas y la toalla húmeda.</p><ul><li><strong>Bolsa de muda</strong>: bañador, chanclas y toalla pequeña, o el recambio completo del cole.</li><li><strong>Bolsa de almuerzo</strong>: la fruta y el bocadillo del descanso.</li><li><strong>Chupetera</strong>: chupete y las conchas que vuelven de la orilla.</li></ul><p>El nombre bordado se cose dentro de una <strong>nube de tela</strong>, marrón o rosa, y así el tiburón no se cambia de dueño en el vestuario.</p>"
"196";"Bolsa impermeable guardería Cinco Monitos";"<p>Bolsa de muda impermeable Cinco Monitos, con cinco monos saltando sobre una cama, para la ropa de recambio y el almuerzo de los peques de la guardería. Los monitos, de ojos grandes y orejas rosadas, brincan sobre un edredón azul claro en una habitación con banderines, y el que va delante mira de frente. Cordón blanco.</p><p>La canción es esa que se canta en la escuela infantil contando con los dedos: cinco monitos saltaban en la cama, uno se cayó y la mamá llamó al doctor. Quien la conozca la tarareará cada vez que cuelgue la bolsa.</p><p>Debajo de la lámina hay una bolsa práctica: <strong>interior engomado</strong> para que lo mojado no traspase, muy poco peso y un <strong>cordón ajustable</strong> que la cierra y la cuelga. La medida grande lleva la muda entera; la mediana, el almuerzo; la pequeña es la chupetera.</p><p>Si añades el <strong>nombre bordado</strong>, va dentro de una nube de tela marrón o rosa, como una nube más del dibujo.</p>"
"197";"Bolsa guardería impermeable Circo";"<p>Bolsa de guardería impermeable Circo, con un león domador de chaqueta roja saludando en la pista, para estrenar el curso con el nombre bordado. El león, de melena naranja y pajarita azul, abre los brazos sobre un escenario redondo bajo una carpa de cortinas azules y granate, con un público de leoncitos con sombrero de copa aplaudiendo.</p><p>Para el primer día de escuela infantil hay que llevar bolsa de muda, y regalarla con el nombre ya bordado ahorra la etiqueta de rotulador. Va en la lista de material y a la vez es un regalo que se ve.</p><ul><li><strong>Interior engomado</strong>: lo mojado se queda dentro y la mochila del cole, seca.</li><li><strong>Cierre de cordón</strong> con el que se cuelga en la percha o en el carrito.</li><li><strong>Tres medidas</strong> a juego: chupetera, almuerzo y muda.</li></ul><p>El bordado sale de nuestro taller de Barcelona dentro de una <strong>nube de tela</strong>, marrón o rosa, para que el león de tu hijo no acabe en la percha de otro.</p>"
"198";"Bolsa guardería Bailarina";"<p>Saco de guardería impermeable Bailarina, con una gata gris haciendo puntas en tutú rosa, para la muda del cole y la ropa de la clase de danza. La gata, rechoncha y muy digna, levanta un brazo y estira la pata sobre un fondo rosa liso, con el tutú de tul a juego; el cordón es blanco.</p><h3>Pesa lo que pesa la ropa</h3><p>El saco en sí casi no suma peso: doblado ocupa lo que un pañuelo y se mete en la mochila del cole junto a la agenda. Las mallas y las zapatillas de danza van dentro, y si vuelven sudadas el <strong>interior engomado</strong> evita que la humedad pase a los libros.</p><p>Se ofrece en tres tamaños: la <strong>chupetera</strong>, la bolsa de almuerzo y la <strong>bolsa de muda</strong>, que es la que lleva la ropa de recambio entera o el equipo de baile.</p><p>El nombre bordado se coloca dentro de una nube de tela, <strong>rosa o marrón</strong>, y sobre este fondo la rosa casi desaparece y la marrón destaca: tú eliges.</p>"
"199";"Bolsa guardería impermeable Oso polar";"<p>Bolsa impermeable de guardería con un oso polar sentado en su trozo de hielo, para llevar la muda y el almuerzo de los peques sin que nada se empape. El oso, blanco y de cara tranquila, flota sobre un mar azul con icebergs al fondo y un cielo despejado; el cordón azul sigue el color del agua.</p><p>El oso está rodeado de agua y no se moja, y la bolsa hace lo mismo: el <strong>engomado interior</strong> retiene el bañador escurrido, el babero manchado o la ropa del accidente sin que traspase a la mochila. Al llegar a casa se vacía y en un rato está seca.</p><p>Elige la medida según lo que vaya dentro: la <strong>chupetera</strong> para el chupete, la de almuerzo para el bocadillo y la botella, y la <strong>bolsa de muda</strong> para el recambio entero con los pañales.</p><p>Si quieres el nombre, lo bordamos en Barcelona dentro de una nube de tela, marrón o rosa, sobre el mismo azul del hielo.</p>"
"200";"Envoltorio ecológico para comida reutilizable Tropical";"<p>Envoltorio ecológico reutilizable Tropical para llevar el bocadillo o la tostada del desayuno al trabajo sin papel de aluminio. Flores de hibisco rosas y fucsias, hojas de palmera turquesa y hojas rosa pálido sobre fondo azul marino, con el ribete fucsia y dos botones a presión en la solapa. Un estampado que no pide edad: vale para la mochila del cole y para el bolso de la oficina.</p><p>Por dentro lleva una <strong>capa de EVA apta para alimentos</strong>, con certificado AITEX, que se limpia con un trapo húmedo al volver a casa. Y como <strong>no tiene costuras interiores</strong>, las migas no se quedan en ningún rincón.</p><p>Cerrado mide 20 × 18 cm, lo justo para un bocadillo o un par de tostadas; abierto se despliega como una servilleta sobre la mesa del despacho.</p><p>Si vas a compartirlo con el resto de la familia, pide el tuyo con el <strong>nombre bordado</strong>: es opcional y así cada uno sabe cuál es el suyo.</p>"
"201";"Envoltorio ecológico para comida reutilizable Galaxia";"<p>Portabocadillos reutilizable Galaxia, con monstruitos, cohetes y astronautas, para que el almuerzo del patio viaje sin papel de aluminio. Sobre un fondo violeta intenso flotan alienígenas azules y verdes, cohetes blancos y rojos, un planeta con anillo y estrellas blancas; el ribete es azul celeste y cierra con dos botones a presión.</p><ul><li><strong>Doble capa</strong>: tela de poliéster reciclado estampada por fuera e impermeabilizada, y EVA apto para alimentos por dentro.</li><li><strong>Se abre en plano</strong> y el propio envoltorio hace de servilleta en el banco del patio.</li><li><strong>Un trapo húmedo</strong> y está listo para el día siguiente.</li></ul><p>Cabe en cualquier bolsillo de la mochila y, cuando no lleva merienda, guarda las pinturas.</p><p>Para que no se lo lleve otro astronauta, se puede pedir con su <strong>nombre bordado</strong>, hasta 30 caracteres.</p>"
"202";"Envoltorio ecológico para comida reutilizable Piñas";"<p>Envoltorio para la merienda con piñas amarillas sobre fondo turquesa, reutilizable, para el parque, la playa y el patio del cole. Piñas enteras y rodajas repartidas sobre un cuadro suave en dos tonos de azul agua, ribete amarillo y dos botones a presión: se ve de lejos en el fondo de la bolsa de la piscina.</p><p>La merienda del parque tiene dos problemas: el bocadillo llega aplastado y el papel de aluminio acaba en la papelera. Aquí va entre <strong>dos capas</strong>, con la exterior de tela impermeabilizada y la interior de <strong>EVA apto para alimentos</strong>, y al abrirlo tienes un mantelito para apoyar la fruta cortada en el banco.</p><p>Mide 20 × 18 cm cerrado y 20 × 26 abierto. Lo confeccionamos en nuestro taller de Barcelona con tela de poliéster reciclado.</p><p>¿Merienda para dos hermanos? Pide uno para cada uno con el <strong>nombre bordado</strong> y se acaban las discusiones sobre de quién era la piña.</p>"
"203";"Envoltorio ecológico para comida reutilizable Monstruos";"<p>Envoltorio reutilizable Monstruos para el almuerzo del cole, con bichos de colores sobre fondo negro, que se abre y hace de mantel. Monstruos rosas con dientes, verdes con un solo ojo, azules con cuernos, gotas y burbujas por todas partes, y un ribete verde lima que remata la solapa con dos botones a presión.</p><h3>Se abre como un mantel</h3><p>Los dos botones se sueltan y el envoltorio queda plano: 20 × 26 cm de <strong>superficie limpia</strong> para dejar el bocadillo y la mandarina sin que toquen el banco del patio. Al acabar se dobla, se cierra y vuelve a la mochila sin migas sueltas, porque <strong>por dentro no hay costuras</strong> donde se escondan.</p><p>La cara interior es de EVA apto para alimentos, con certificado AITEX, y se limpia pasando un trapo húmedo.</p><p>Con tantos monstruos parecidos en clase, ayuda que el suyo lleve el <strong>nombre bordado</strong>; lo marcas al pedirlo y es opcional.</p>"
"204";"Envoltorio ecológico para comida reutilizable Unicornios";"<p>Portabocadillos ecológico Unicornios, con unicornios blancos de crin rosa sobre fondo morado, para el bocadillo del patio y para guardar las pinturas. Entre los unicornios asoman arcoíris, estrellas doradas y corazones, y el ribete fucsia sigue el borde de la solapa, que cierra con dos botones a presión.</p><ul><li><strong>Dos usos en uno</strong>: por la mañana lleva el bocadillo y, cuando ya se lo ha comido, sirve de estuche para los lápices o los cromos.</li><li><strong>Interior de EVA</strong> apto para alimentos, sin costuras por dentro, que se limpia con un paño húmedo.</li><li><strong>Exterior de tela reciclada</strong> impermeabilizada, con el estampado a todo color.</li></ul><p>Sustituye al papel de aluminio de cada día: un solo envoltorio para todo el curso en lugar de un rollo tras otro.</p><p>Se puede pedir con el nombre de tu hija o de tu hijo bordado, para que no se confunda con el de la amiga que tiene el mismo.</p>"
"205";"Bolsa impermeable guardería Zombie";"<p>Bolsa de muda y almuerzo impermeable Zombie, con tres zombis de dibujo y un osito verde bajo la luna, para los peques que prefieren calaveras a princesas. La ilustración es plana y en verdes: luna llena con rayos, calaveritas flotando, un castillo en silueta y una pandilla de zombis simpáticos, uno con cresta violeta y otro con cara de calavera. El cordón es verde oscuro.</p><p>En la percha de la escuela infantil hay una fila de bolsas y muchas son de personajes parecidos; esta no, y además puede llevar el <strong>nombre bordado dentro de una nube de tela</strong>, marrón o rosa, para que no haya duda de quién es.</p><ul><li><strong>Engomado interior</strong> que retiene lo húmedo y lo manchado.</li><li><strong>Muy ligera</strong>, cabe doblada en cualquier mochila.</li><li><strong>Tres medidas</strong>: mini chupetera, pequeña de almuerzo y grande de muda.</li></ul><p>Vale de la guardería hasta el final de primaria: a los zombis no se les pasa la edad.</p>"
"206";"Envoltorio ecológico para comida reutilizable Estrellas";"<p>Envoltorio de tela reutilizable Estrellas, negro con un cielo de estrellas blancas, para llevar el bocadillo al trabajo o al instituto sin plástico. Es el más discreto de la colección: fondo negro, ribete negro y solo los dos botones a presión plateados rompen la oscuridad, como dos estrellas más.</p><p>Está pensado para adultos y adolescentes tanto como para los peques. Cerrado, cabe en el bolso o en el bolsillo del portátil; abierto, son 20 × 26 cm de <strong>mantel individual</strong> sobre la mesa del despacho o el pupitre.</p><p>Las dos capas hacen el trabajo: la exterior de <strong>tela impermeabilizada</strong> protege el estampado y la interior de <strong>EVA apto para alimentos</strong> mantiene el bocadillo aislado del resto de la mochila. Nada de costuras interiores donde se peguen las migas de pan.</p><p>Si en casa hay varios negros iguales, el <strong>nombre bordado</strong> es la forma de distinguirlos; es opcional y se elige al hacer el pedido.</p>"
"207";"Envoltorio ecológico para comida reutilizable Acuarela";"<p>Envoltorio reutilizable Acuarela en tonos lila y rosa, con flores dibujadas a línea, para la merienda del parque o el tentempié de la oficina. La tela imita una mancha de acuarela que va del rosa al violeta, y encima van tres flores grandes de pétalos abiertos trazadas en línea morada; el ribete es violeta y la solapa cierra con dos botones a presión.</p><p>Es un estampado que no parece infantil, así que vale igual para tu propia merienda. Dentro, la <strong>capa de EVA apta para alimentos</strong> aísla la fruta cortada o las galletas, y al abrirlo del todo tienes una <strong>servilleta de 20 × 26 cm</strong> para apoyarlas.</p><p>Lo limpias con un trapo húmedo y al día siguiente vuelve a la bolsa. Un solo envoltorio sustituye a las bolsitas de plástico de cada tarde.</p><p>Puede llevar el <strong>nombre bordado</strong> a máquina en nuestro taller de Barcelona; es una opción al pedirlo, y vale tanto para «Mamá» como para el nombre de tu hija.</p>"
"208";"Envoltorio ecológico para comida reutilizable Aguacates";"<p>Envoltorio ecológico Aguacates para el desayuno de la oficina, con medios aguacates verdes sobre fondo blanco y ribete pistacho. Cada aguacate va cortado por la mitad, con el hueso marrón a la vista, repartidos en filas sobre el blanco; los dos botones a presión de la solapa quedan casi escondidos entre ellos.</p><h3>El desayuno de la oficina</h3><p>La tostada con aguacate de las diez sale de casa envuelta en él y llega entera, sin film ni bolsa de plástico. Abierto, el envoltorio hace de <strong>mantel individual</strong> sobre el teclado, y luego se dobla y se guarda en el bolso.</p><p>La <strong>cara interior es de EVA apto para alimentos</strong> con certificado AITEX y se limpia con un paño húmedo. Por fuera, tela de <strong>poliéster reciclado</strong> con tratamiento impermeable, cortada y cosida en nuestro taller de Barcelona.</p><p>Los peques también lo quieren, claro: para el patio se puede pedir con su nombre bordado y así no se confunde con el de un compañero.</p>"
"209";"Envoltorio ecológico para comida reutilizable Denim";"<p>Portabocadillos reutilizable Denim, con estampado de tela tejana azul, para el bocadillo del instituto o del trabajo sin papel de aluminio. Imita el tejido vaquero con su trama en diagonal, en un azul medio con el ribete azul marino; de lejos parece un bolsillo de pantalón. Pensado para quien ya no quiere dibujos.</p><ul><li><strong>Tamaño de bolsillo</strong>: 20 × 18 cm cerrado con dos botones a presión, 20 × 26 abierto.</li><li><strong>Interior de EVA apto para alimentos</strong>, con certificado AITEX y sin costuras donde se acumulen restos.</li><li><strong>Exterior impermeabilizado</strong> de poliéster reciclado, que se limpia con un trapo húmedo.</li></ul><p>Cuando no lleva comida, guarda el cargador y los auriculares, o los bolis del examen.</p><p>El <strong>nombre bordado</strong> es opcional: en un vestuario lleno de tejanos, es lo que hace que vuelva a casa el correcto.</p>"
"210";"Envoltorio ecológico para comida reutilizable Indios";"<p>Envoltorio para comida reutilizable Indios, con ositos y búhos con plumas, tipis y flechas sobre fondo crudo, para el bocadillo del patio. Los animales llevan cintas con plumas en la cabeza, los tipis son verde agua con dibujos geométricos y las flechas y los triángulos van en mostaza y coral; el ribete es beis, a tono con el fondo, y cierra con dos botones a presión.</p><p>Para la excursión funciona como un pequeño campamento: se abre del todo y sus <strong>20 × 26 cm hacen de mantel</strong> sobre la hierba, con el bocadillo en el centro y la fruta al lado. Después se sacude, se dobla y se cierra.</p><p>Por dentro lleva <strong>EVA apto para alimentos</strong> y ninguna costura, así que un paño húmedo lo deja limpio. Por fuera, tela de poliéster reciclado impermeabilizada, y es la capa interior la que evita que el tomate del bocadillo llegue a la mochila.</p><p>Añade su <strong>nombre bordado</strong> al pedirlo si en clase hay otro igual.</p>"
"211";"Envoltorio ecológico para comida reutilizable Carpas";"<p>Envoltorio ecológico reutilizable Carpas, azul pizarra con carpas dibujadas a línea blanca, para llevar el almuerzo sin envases de un solo uso. Las carpas koi nadan en todas direcciones, con las escamas y las aletas trazadas como en una estampa japonesa, sobre un azul grisáceo que se repite en el ribete. Dos botones a presión cierran la solapa.</p><p>Es un dibujo tranquilo, que encaja igual en la mochila de un niño de primaria que en la bolsa del gimnasio de un adulto. Pesa muy poco y, cerrado, mide 20 × 18 cm.</p><p>Lleva <strong>dos capas</strong>: la de fuera es tela de poliéster reciclado impermeabilizada y la de dentro, <strong>EVA apto para alimentos</strong> con certificado AITEX. Se limpia con un paño húmedo y al abrirlo queda plano, como una servilleta. Lo cosemos en nuestro taller de Barcelona.</p><p>Puedes pedirlo con el <strong>nombre bordado</strong>, opcional, para que cada carpa vuelva a su estanque.</p>"
"212";"Envoltorio ecológico para comida reutilizable Flores";"<p>Envoltorio reutilizable Flores para el bocadillo y la merienda, blanco con limones, mariposas y flores de colores, para el picnic del parque. Sobre el fondo blanco se mezclan limones amarillos, mariposas naranjas y rosas, hojas verde agua y ciruela y ramitas de bayas rojas; el ribete es verde menta claro y la solapa cierra con dos botones a presión.</p><ul><li><strong>Mantel de picnic en miniatura</strong>: abierto mide 20 × 26 cm y el bocadillo se apoya sobre la cara interior, limpia.</li><li><strong>Doble capa</strong>: tela reciclada impermeabilizada por fuera y EVA apto para alimentos por dentro, sin costuras interiores.</li><li><strong>Se limpia con un paño húmedo</strong>, sin más.</li></ul><p>Las tardes de parque suman muchas bolsitas de plástico al año; con uno de estos, ninguna.</p><p>Si lo quieres con el <strong>nombre bordado</strong>, lo marcas al pedirlo y lo bordamos antes de mandártelo.</p>"
"213";"Bolsa guardería impermeable Superhéroe";"<p>Bolsa de almuerzo impermeable con un pequeño superhéroe de antifaz y capa roja volando sobre los rascacielos, para el desayuno y la muda del cole. El héroe lleva traje azul con un emblema rojo y amarillo en el pecho, antifaz azul y ojos verdes, y surca un cielo despejado entre edificios de cristal. Cordón blanco.</p><p>La bolsa mediana es la del almuerzo: bocadillo, fruta, botella y una servilleta, todo junto y sin tuppers sueltos rodando por la mochila. Si la botella suda o la mandarina se aplasta, el <strong>interior engomado</strong> se queda con el líquido y los libros no se enteran.</p><p>Las otras dos medidas llevan el mismo héroe: la <strong>chupetera</strong> para el chupete y la <strong>bolsa de muda</strong> para la ropa de recambio de la escuela infantil.</p><p>El nombre bordado se cose dentro de una nube de tela, marrón o rosa, en nuestro propio taller de Barcelona; el superhéroe ya tenía capa, ahora tiene nombre.</p>"
"214";"Delantal infantil impermeable Animales";"<p>Delantal infantil impermeable con animales del bosque, para pintar, cocinar y jugar en el jardín sin que la ropa de debajo se lleve el manchón. Sobre un fondo verde agua se ven troncos de abedul, zorros, erizos y ositos con flores rojas, y el ribete y las cintas van en un rojo anaranjado a juego con los zorros.</p><ul><li><strong>Microfibra impermeable</strong>: la témpera y el agua del vaso resbalan por la tela y no llegan al jersey.</li><li><strong>Seca rápido</strong>: se pasa un paño húmedo y está listo para el siguiente taller.</li><li><strong>Lazo en la cintura</strong> y tira al cuello, para que se lo ate solo o se lo ate la maestra en un momento.</li></ul><p>Va en dos tallas: la pequeña, de bebé a seis años, y la grande hasta los doce. Con el <strong>nombre bordado</strong>, el suyo no se pierde en el cajón de delantales del aula de plástica.</p>"
"215";"Delantal infantil impermeable Unicornios";"<p>Delantal infantil impermeable de unicornios sobre fondo gris claro, con ribete mostaza, para cocinar en casa o hacer manualidades en el cole. Los unicornios son blancos con crines verde azulado y granate, y entre ellos hay arcoíris, corazones y plantitas; las cintas de la cintura y del cuello repiten el mostaza del ribete.</p><p>La tela es <strong>microfibra impermeable</strong>: la masa de las galletas, el huevo y el zumo se quedan encima y se van con un paño húmedo, así que el delantal aguanta varias tardes de cocina seguidas.</p><p>Hay dos tallas: la pequeña va de los cero a los seis años y la grande llega hasta los doce, así que la hermana mayor puede llevar el mismo estampado. Se ata con <strong>lazo en la cintura</strong>, y pesa tan poco que va doblado en la mochila del cole los días de plástica.</p><p>Si lo pides con su <strong>nombre bordado</strong>, sabrá cuál es el suyo entre los de las primas en la merienda de cumpleaños.</p>"
"216";"Manopla de baño bebé Unicornios";"<p>Manopla de baño para bebé Unicornios, de rizo de algodón, con unicornios blancos sobre fondo marino, para el baño de la noche y la bolsa de la piscina. Los unicornios llevan alas y crin en tono teja, motas negras en el lomo y cuerno dorado, y vuelan sobre un azul casi negro; el borde de la abertura es una cinta rosa de lunares blancos y el rizo blanco asoma por el canto.</p><p>Se mete la mano dentro y se enjabona al peque sin que la esponja se te escape al fondo de la bañera. El <strong>rizo de algodón americano</strong> es suave y absorbe bien, así que también sirve para secar la cara al salir del agua o de la piscina.</p><p>La punta redondeada llega a los pliegues del cuello y detrás de las orejas sin frotar.</p><h3>Con su nombre bordado</h3><p>En la bolsa de la piscina o en el cambiador de la guardería conviene que se sepa de quién es: pide la manopla con el <strong>nombre bordado</strong>, opcional, y lo bordamos a máquina en nuestro taller de Barcelona.</p>"
"217";"Delantal Impermeable Desechable (Pack 100 pcs)";"<p>Caja de 100 delantales desechables de polietileno, con tirante al cuello y cintas laterales, para proteger el uniforme de salpicaduras. Para clínicas, residencias, cocinas y peluquerías.</p><p>Es el delantal de un solo uso de toda la vida: <strong>talla única</strong>, se pasa el tirante por la cabeza, se anudan las cintas en la espalda y al terminar la tarea se tira. Cubre desde el pecho hasta por debajo de la rodilla.</p><p>El <strong>polietileno de baja densidad</strong> es una barrera eficaz frente a fluidos y otros contaminantes, muy ligero y flexible. Va bien encima de una bata o un pijama que no sean impermeables. Al ponérselo conviene no estirarlo más de lo que da: el material es fino y podría rasgarse.</p><p>Cien unidades por caja, para que no falte uno entre turno y turno. Material de un solo uso y <strong>reciclable</strong>; si buscas una alternativa que se lave, en esta categoría están las batas y los manguitos de tela.</p>"
"218";"Bolsa mochila impermeable guardería Oso Tribal";"<p>Bolsa mochila impermeable con un oso pardo de collar tribal y flechas a la espalda, sobre fondo rosa palo, para la guardería en dos medidas. Montañas menta y confeti dorado completan la lámina, y el saco de cordón va a la espalda del peque o colgado del carrito.</p><p>Se ofrece en dos tamaños y cada uno tiene su tarea:</p><ul><li><strong>Bolsa de almuerzo</strong>, la pequeña: bocadillo, fruta y una botella pequeña.</li><li><strong>Bolsa de muda</strong>, la grande: la ropa de recambio entera, con calcetines y zapatillas.</li><li><strong>Cordón de ajuste</strong> en la boca y cordón lateral para engancharla al carrito.</li></ul><p>El <strong>plastificado interior</strong> hace que el pantalón mojado de la siesta o la fruta que se ha aplastado no traspasen a la ropa limpia. Pesa muy poco y se seca en nada.</p><p>El nombre va bordado dentro de una nube de tela, marrón o rosa a elegir, y las dos medidas a juego se identifican de un vistazo.</p>"
"219";"Bolsa mochila guardería personalizada Búho tribal";"<p>Bolsa mochila de guardería impermeable con un búho de plumas de colores entre abedules blancos sobre fondo menta, para la espalda o el carrito. Un saco ligero, con cordón, para la muda y el almuerzo de guardería e infantil.</p><p>Los primeros meses de escuela infantil la bolsa no la lleva el niño, la llevas tú: el <strong>cordón lateral</strong> se engancha al manillar del carrito y se descuelga en la puerta de la clase sin deshacer nada. Cuando ya camina, los dos cordones se cruzan y la lleva él a la espalda.</p><p>Por dentro va <strong>plastificada</strong>, así que el babero húmedo o el pañal de recambio no mojan lo demás, y por fuera la tela seca en un rato si la coge la lluvia de camino.</p><p>La cosemos en nuestro taller de Barcelona y bordamos el nombre <strong>dentro de una nube</strong>, marrón o rosa, para que no se confunda con la del compañero de percha.</p>"
"220";"Bolsa mochila guardería personalizada Lapin noir";"<p>Bolsa mochila impermeable negra con un conejo de trazo blanco y coronita rosa entre estrellitas, para la muda o el almuerzo en la guardería. Un «hello» en rosa remata el dibujo, y el saco de cordón blanco se lleva a la espalda o colgado del carrito.</p><p>El fondo negro es el gran acierto de este diseño en una bolsa de guardería: la mancha de plátano y el roce del suelo del patio no se ven, y el conejo sigue destacando igual al final del curso.</p><p>Dentro, un <strong>plastificado interior</strong> retiene lo que se moja o se derrama, y la tela exterior <strong>seca rápido</strong> si llega empapada de la lluvia. Pesa tan poco que cabe doblada dentro de la mochila grande.</p><p>El nombre se borda <strong>dentro de una nube de tela</strong>, marrón o rosa, que sobre el negro se lee desde la otra punta del pasillo.</p>"
"221";"Bolsa mochila impermeable guardería Caperucita roja";"<p>Bolsa mochila impermeable con Caperucita Roja en un bosque verde, con la casa de la abuela al fondo, para la guardería y los fines de semana fuera. Viene en dos medidas y es un saco con cordón para la espalda o el carrito.</p><p>La lámina cuenta el cuento en una imagen: la niña pelirroja lleva un lobito gris en brazos camino de la casita, y aquí el lobo es un amigo.</p><ul><li><strong>Medida pequeña</strong>, la de almuerzo: la merienda del parque o el desayuno de la guardería.</li><li><strong>Medida grande</strong>, la de muda: el pijama, la ropa de recambio y el peluche para dormir en casa de los abuelos.</li><li><strong>Interior plastificado</strong>: el cepillo de dientes húmedo o el bañador vuelven sin mojar el resto.</li></ul><p>Se cierra con un cordón de ajuste y el cordón lateral la cuelga del carrito. El nombre va <strong>bordado dentro de una nube</strong>, marrón o rosa, y así en la bolsa de la abuela y en la de la guardería se sabe de quién es cada cosa.</p>"
"222";"Bolsa mochila guardería personalizada Cupcakes";"<p>Bolsa mochila impermeable a rayas rosas con la pastelera pelirroja de «let’s make a cupcake», para el almuerzo o la muda en la guardería. Nubes blancas y dulces sueltos completan la lámina, y el saco ligero se lleva a la espalda con sus cordones o colgado del carrito.</p><p>Es la misma pastelera que la de la mochila de vichí Cupcake, así que las dos hacen juego: la mochila para la semana y esta bolsa para la excursión o la piscina.</p><p>El <strong>plastificado interior</strong> está pensado para el almuerzo: si la mandarina suelta jugo o la botella gotea, se queda en la bolsa y no llega a la ropa. Y si un día se convierte en bolsa de muda, el pantalón mojado tampoco traspasa. <strong>Seca en un rato</strong> y no pesa nada.</p><p>Va confeccionada en nuestro taller de Barcelona, y el nombre se borda <strong>dentro de una nube de tela</strong>, en marrón o en rosa, para que nadie se lleve su bolsa por error.</p>"
"223";"Bolsa mochila guardería personalizada León";"<p>Bolsa mochila turquesa impermeable con un león de melena arcoíris y coronita entre corazones y estrellas, para la muda y el almuerzo de infantil. Se lleva a la espalda por los cordones o colgada del carrito.</p><p>En la percha de la clase hay veinte bolsas parecidas y la educadora tiene que saber de quién es cada una sin abrirla. El turquesa liso de esta la hace inconfundible, y el nombre bordado remata el trabajo.</p><ul><li><strong>Nombre dentro de una nube</strong> de tela marrón o rosa, bordado en la propia bolsa.</li><li><strong>Interior plastificado</strong> que no deja pasar lo que se moja ni lo que se derrama.</li><li><strong>Cordón lateral</strong> para el carrito y dos cordones para cruzarlos a la espalda.</li></ul><p>Pesa muy poco y seca rápido, así que también vale para el bañador de la piscina de los viernes.</p>"
"224";"Bolsa mochila guardería personalizada Bailarina";"<p>Bolsa mochila impermeable gris con lunares blancos y una gatita bailarina de tutú rosa, para la guardería o la clase de danza, en dos medidas. Un saco de cordón para la espalda de la peque o el manillar del carrito.</p><p>El dibujo es de trazo fino, casi a lápiz, y el gris perla con el tutú rosa sigue quedando bien cuando la niña ya ha dejado la guardería y la usa para las zapatillas de ballet.</p><h3>Dos medidas, dos usos</h3><p>La <strong>pequeña</strong>, cuadrada, es la bolsa de almuerzo: fruta, bocadillo y botella. La <strong>grande</strong> es la de muda: cabe la ropa de recambio completa y, en la clase de danza, el maillot con las medias y las zapatillas.</p><p>Las dos van <strong>plastificadas por dentro</strong>, así que el maillot sudado o el pantalón de un accidente no mojan lo demás, y pesan tan poco que la pequeña cabe dentro de la grande.</p><p>El nombre se borda <strong>dentro de una nube</strong>, marrón o rosa, y así en el vestuario cada una recoge la suya.</p>"
"225";"Bolsa mochila guardería personalizada Baby shark";"<p>Bolsa mochila impermeable azul con un tiburón sonriente entre burbujas y pececillos de colores, para el bañador de la piscina y la muda de la guardería. Se lleva a la espalda con los dos cordones o colgada del carrito.</p><p>El tiburón pide agua, y esta bolsa está hecha para eso: el <strong>plastificado interior</strong> aguanta el bañador escurrido y la toalla pequeña sin que el agua llegue a la ropa seca ni a la mochila del cole. Al llegar a casa se vacía, se deja abierta y <strong>seca en un rato</strong>.</p><p>Entre semana hace de bolsa de muda: la ropa de recambio va dentro, cerrada con el <strong>cordón de ajuste</strong>, y el cordón lateral la cuelga del carrito o de la percha de la clase.</p><p>Sale de nuestro taller de Barcelona y, si lo añades al pedido, con el nombre bordado <strong>dentro de una nube de tela</strong>, marrón o rosa.</p>"
"226";"Bolsa mochila guardería personalizada Zombi";"<p>Saco mochila impermeable con una pandilla de zombis bajo la luna, sobre fondo verde, para la muda o el almuerzo de los que ya no quieren dibujos de bebé. Castillo, murciélagos y calaveras completan la escena, y la bolsa de cordón va a la espalda o al carrito.</p><p>Es el diseño de los mayores de la clase: el zombi de pelo morado, el de la calavera, el osito verde y el rubio del jersey forman una banda más simpática que terrorífica.</p><ul><li><strong>Peso pluma</strong>: doblada ocupa lo que un cuaderno y va dentro de la mochila del cole hasta la hora del comedor o de la piscina.</li><li><strong>Plastificado interior</strong>: la fruta aplastada o el bañador húmedo se quedan dentro.</li><li><strong>Cordón de ajuste</strong> y cordón lateral, para cerrarla de un tirón y colgarla de la percha o del carrito.</li></ul><p>Con el nombre bordado <strong>dentro de una nube</strong>, marrón o rosa, no vuelve a casa en la mochila equivocada.</p>"
"227";"Bolsa mochila guardería personalizada Zorro tribal";"<p>Bolsa mochila impermeable gris perla con un zorro naranja de cinta tribal entre abedules, para la muda de la guardería y el almuerzo del cole. Un saco de cordón, ligero, que se lleva a la espalda o colgado del carrito.</p><p>El zorro mira de frente con sus rayitas turquesa bajo los ojos y un collar de cuentas, y hace pareja con el oso y el búho de la misma colección tribal, uno para cada hermano.</p><p>El gris claro de la tela hace que el <strong>nombre bordado</strong>, si lo añades, se lea de lejos en la percha, y el <strong>plastificado interior</strong> hace el resto: el pantalón húmedo de la siesta o los pañales de recambio no mojan la ropa limpia.</p><p>Se cierra con un <strong>cordón de ajuste</strong> y el cordón lateral la cuelga del manillar del carrito. Y como seca rápido, la lluvia del camino a casa no es un problema.</p>"
"228";"Bolsa mochila guardería personalizada Five little monkeys";"<p>Bolsa mochila impermeable verde menta con cinco monitos que saltan y hacen el pino, para la primera bolsa de muda de la guardería. Abajo, una franja azul de lunares; arriba, el cordón del saco, ligero, para la espalda del peque o el carrito.</p><p>Son los cinco monitos de la canción, los que saltaban en la cama, y cada uno hace una monería distinta: uno con flor, uno con lazo azul, otro boca abajo. A los peques de uno y dos años les da para contarlos cada mañana.</p><ul><li><strong>Plastificado interior</strong>: el babero mojado, el chupete y la ropa de recambio van juntos sin que se moje nada.</li><li><strong>Cordón lateral</strong> para colgarla del carrito los meses en que aún no la lleva él.</li><li><strong>Seca rápido</strong> y pesa poco: cabe en el cambiador con todo lo demás.</li></ul><p>El <strong>nombre bordado</strong> va sobre el verde menta, bien visible al colgarla, donde la educadora lo ve sin darle la vuelta.</p>"
"229";"Bolsa mochila guardería personalizada Oso polar";"<p>Bolsa mochila impermeable menta con un oso polar que asoma del agua con un pajarito en la cabeza, para la muda y la siesta de la guardería. Copos blancos por toda la tela, y un saco con cordón para llevarla a la espalda o colgarla del carrito.</p><p>El oso blanco sobre menta, con dos peces nadando en la franja turquesa de abajo, es de los diseños que gustan igual a niños y a niñas y que no cansan al segundo curso.</p><h3>Cómo se usa</h3><p>Los lunes va dentro la ropa de la siesta y la muda completa; los viernes vuelve todo a casa en la misma bolsa. El <strong>plastificado interior</strong> retiene lo que se haya mojado, y si la bolsa llega húmeda de la lluvia, <strong>seca en un rato</strong> colgada del pomo.</p><p>El cordón de arriba la cierra y el <strong>cordón lateral</strong> la sujeta al carrito. La cosemos en nuestro taller de Barcelona y, si quieres, le bordamos el nombre sobre el menta, para que la del pijama no se cambie por la del compañero.</p>"
"230";"Bolsa mochila guardería personalizada Superhéroe";"<p>Bolsa mochila azul impermeable con un superhéroe de capa roja y antifaz aterrizando en la ciudad, para el peque que ya quiere llevar su bolsa solo. Sirve para la muda o el almuerzo, con dos cordones para la espalda y cordón lateral para el carrito.</p><p>El héroe cae sobre el asfalto con los puños cerrados y la capa al viento, y detrás se recorta la ciudad en azul: un dibujo de cómic que se ve desde el otro lado del patio.</p><p>A los tres años quieren cargar con lo suyo: los <strong>dos cordones</strong> se cruzan a la espalda y la bolsa pesa tan poco que la lleva él sin quejarse. Por dentro va <strong>plastificada</strong>, así que si se cae la botella o se moja el pantalón en el parque, lo demás sigue seco.</p><p>El nombre se borda <strong>dentro de una nube de tela</strong>, marrón o rosa: hasta un superhéroe necesita que sepan cuál es su bolsa.</p>"
"231";"Bata sanitaria reutilizable impermeable transpirable (Pack 10 uds)";"<p>Bata sanitaria reutilizable de microfibra impermeable y transpirable, abierta por la espalda, en pack de 10, para clínicas, residencias y laboratorios.</p><p>Se pone y se quita en segundos: la espalda queda abierta y se <strong>cierra con cintas en la nuca y en la cintura</strong>. Los puños llevan goma y el largo cubre hasta la rodilla.</p><h3>Impermeable, pero transpira</h3><p>El tratamiento hidrófugo <strong>repele el agua y las manchas</strong> sin sellar el tejido, así que deja salir el calor del cuerpo en una jornada larga. La microfibra tiene tacto suave, es antibacteriana y está certificada por AITEX frente a la penetración de líquidos y microorganismos.</p><p>Es una bata para durar: aguanta la lavadora entre 25 y 30 veces sin perder propiedades, y con diez unidades se cubre la rotación de un equipo pequeño. Blanca, talla adulto, cosida en nuestro taller de Barcelona. Si quieres distinguirlas, se les puede bordar un texto corto, como el nombre del centro.</p>"
"232";"Sudadera blanca personalizada con iniciales";"<p>Sudadera blanca unisex con la inicial bordada en el pecho, una sola letra al estilo universitario, para adultos que quieren una básica con algo propio. La letra va incluida: eliges de la A a la Z y una de las <strong>seis combinaciones de hilo</strong>, como la M de contorno negro y relleno blanco de la foto.</p><p>El blanco es el color más fácil de la colección: combina con vaqueros claros u oscuros, con falda o con un chino, y hace que la letra destaque sea del color que sea. También es el que más acusa una mancha, así que es más de fin de semana que de parque infantil.</p><p>Por dentro lleva <strong>felpa perchada</strong>, suave y cálida, y el cuello redondo con canalé aguanta la forma. Tejido de poliéster reciclado y algodón orgánico con certificado GOTS.</p><p>Corte ancho y cómodo, de hombro caído. Los hombres piden su talla de siempre; las mujeres, una menos. Bordamos la inicial a máquina en nuestro taller de Barcelona.</p>"
"233";"Sudadera celeste personalizada con iniciales";"<p>Sudadera celeste con la inicial bordada en el pecho, en tallas de bebé, niño y adulto, para que toda la familia lleve la misma con la letra de cada uno. La A blanca de la foto es una de las seis combinaciones de hilo; la letra, una sola, va incluida y se elige de la A a la Z.</p><ul><li><strong>Tallas desde bebé hasta adulto</strong>: es una de las tres de la colección que se hace también en tallas infantiles, así que vale para hermanos, padres y abuelos.</li><li><strong>Felpa perchada por dentro</strong>, la que da calor sin pesar, y cuello redondo con canalé.</li><li><strong>Letra universitaria con contorno</strong>, bordada en el pecho a la altura del corazón.</li></ul><p>El azul cielo queda bien con blanco y con vaqueros, y en los peques se lleva de uniforme de fin de semana. Poliéster reciclado y algodón orgánico certificado, unisex.</p><p>Un apunte sobre la talla de adulto: a las mujeres les suele ir mejor una menos que la suya; a los hombres, la habitual. En las de niño, la edad orienta.</p>"
"234";"Sudadera gris personalizada con iniciales";"<p>Gris jaspeado, unisex y con tu inicial bordada en el pecho: la sudadera de diario con un detalle propio, en tallas de adulto. El gris vigoré es el fondo más agradecido para el bordado: cualquiera de las <strong>seis combinaciones de hilo</strong> resalta sobre él, del negro con blanco al blanco con rojo.</p><p>Es el color que más se pone: con vaqueros negros o azules, con pantalón de chándal en casa o debajo de un abrigo camel. No pide nada a juego y no cansa. Por dentro, <strong>felpa perchada</strong> suave que abriga sin volumen.</p><p>Eliges una sola letra de la A a la Z y la combinación de colores; el bordado va incluido en el precio, con el contorno bien definido para que se lea de lejos.</p><p>Corte holgado, en poliéster reciclado y algodón orgánico con certificado GOTS. Sobre la talla: el patrón es unisex, así que ellas eligen una menos y ellos la de siempre.</p>"
"235";"Sudadera roja personalizada con iniciales";"<p>Sudadera roja con la inicial bordada en el pecho, una letra universitaria con contorno incluida en el precio, para regalar a quien no sabes qué regalar. Con una inicial no hay error posible: la B de la foto, negra con el interior blanco, es una de las <strong>seis combinaciones de hilo</strong> que puedes elegir.</p><ul><li><strong>Rojo intenso</strong>, el color que más se ve en una foto de grupo y el que mejor casa con vaqueros oscuros y zapatillas blancas.</li><li><strong>Felpa perchada por dentro</strong>: calor sin peso, para la salida al parque y para el sofá.</li><li><strong>Una sola letra, de la A a la Z</strong>, bordada a máquina con el contorno nítido, al estilo de las chaquetas universitarias.</li></ul><p>Tejido unisex de poliéster reciclado y algodón orgánico con certificado GOTS, cuello redondo y puños con canalé, corte holgado de hombro caído.</p><p>Para acertar con la talla: los hombres, la habitual; las mujeres, una por debajo, porque el patrón es ancho.</p>"
"236";"Sudadera rosa personalizada con iniciales";"<p>Rosa palo con una letra universitaria bordada en el pecho: sudadera unisex de adulto para quien quiere un básico suave que no sea blanco ni gris. El rosa empolvado de la foto es discreto: de cerca se ve rosa, de lejos casi neutro, y queda bien tanto con piel clara como morena.</p><h3>Con qué se lleva</h3><p>Con vaqueros claros y zapatillas blancas es el look de domingo; con un pantalón negro y la letra bordada en negro, como la R de la foto, gana seriedad. El contorno oscuro sobre el rosa es la combinación que más contraste da, aunque puedes elegir entre <strong>seis combinaciones de hilo</strong>.</p><p>Por dentro, <strong>felpa perchada</strong>, suave y templada. Cuello redondo con canalé, puños y bajo elásticos, corte holgado. Poliéster reciclado y algodón orgánico con certificado GOTS.</p><p>La talla se pide así: hombres, la habitual; mujeres, una por debajo. Y la letra, una sola de la A a la Z, va incluida: la bordamos en el taller antes de que salga.</p>"
"237";"Sudadera negra personalizada con iniciales";"<p>Negra, con la inicial bordada en el pecho y en tallas de niño y de adulto: la sudadera para vestir igual a padres e hijos, cada uno con su letra. Sobre el negro, el hilo de color canta: la M de la foto, en rosa y blanco, se ve desde la otra punta del patio.</p><ul><li><strong>Para toda la familia</strong>: de las ocho de la colección, solo tres se hacen también en tallas infantiles, y esta es una, desde los 3 años.</li><li><strong>Seis combinaciones de hilo</strong> a elegir, y todas contrastan sobre el negro, del blanco liso al rojo con blanco.</li><li><strong>Felpa perchada por dentro</strong> y cuello redondo con canalé que no se deforma.</li></ul><p>El negro va con todo y disimula el trote diario, del cole a la cena. Unisex, poliéster reciclado y algodón orgánico certificado, con la letra incluida en el precio.</p><p>Elige la talla como siempre si eres hombre; si eres mujer, una menos te quedará como en la foto. En niño, por edad.</p>"
"238";"Sudadera lila personalizada con iniciales";"<p>Lila profundo con tu inicial bordada en el pecho: sudadera unisex de adulto para quien busca un color que no lleve todo el mundo. El lila de la foto es un morado intenso, más cerca de la uva que del pastel, y puesto queda mucho más serio de lo que suena.</p><p>Sobre este fondo, el hilo blanco es la apuesta segura: <strong>todo blanco</strong> o blanco con marino se leen a la primera. Son dos de las <strong>seis combinaciones</strong> que puedes elegir para la letra, siempre una sola, de la A a la Z, e incluida en el precio.</p><p>Va con vaqueros de cualquier tono y con zapatillas blancas; con pantalón negro, es una sudadera de salir. Por dentro, felpa perchada que abriga de octubre a abril sin abultar.</p><p>Corte ancho, en poliéster reciclado y algodón orgánico con certificado GOTS. Consejo de talla: hombre, la de siempre; mujer, una menos.</p>"
"239";"Sudadera marino personalizada con iniciales";"<p>Sudadera azul marino con la inicial bordada en el pecho, en tallas desde bebé hasta adulto, la más completa de la colección para toda la familia. La C de la foto, en verde agua con el interior blanco, enseña lo que hace un hilo claro sobre el marino: destaca sin esfuerzo.</p><p>Es la sudadera que pueden llevar el mismo día el niño de dos años, la hermana de diez y los padres, cada uno con su letra. El marino sienta bien a cualquier edad y con lo que ya hay en el armario: vaqueros, chinos beis, zapatillas blancas.</p><p>La letra va incluida: eliges una sola, de la A a la Z, y una de las <strong>seis combinaciones de hilo</strong>. La bordamos a máquina en nuestro taller de Barcelona con el <strong>contorno marcado</strong>, como en las chaquetas de los equipos americanos.</p><p>Por dentro lleva <strong>felpa perchada</strong>; el tejido es unisex, de poliéster reciclado y algodón orgánico certificado. En adulto, los hombres cogen su talla y las mujeres una menos; en niño, la talla va por edad.</p>"
"240";"Bata guardería Zombi";"<p>Bata de guardería Zombi para peques de 6 meses a 4 años, con la pandilla de zombis en una franja en el pecho y un bolsillo grande verde lima delante. Es la hermana pequeña del babi Zombi del cole, adaptada a la escuela infantil, con los mismos personajes y sus verdes y turquesas.</p><p>Aquí no hay botones en el delantero: la tela verde agua clara va lisa de arriba abajo, con el <strong>bolsillo canguro</strong> en el centro, que en P1 y P2 sirve tanto para el chupete como para la piedra del patio.</p><ul><li><strong>Estampado en el pecho</strong>: un oso de peluche zombi, una calavera, un personaje amarillo y una niña de pelo morado, sobre un bosque verde y turquesa.</li><li><strong>Puños con elástico</strong> que sujetan la manga en la trona y en el rincón de pintura.</li><li><strong>Confeccionada en Barcelona</strong>, en el mismo taller que el resto de babis.</li></ul><p>Con el nombre bordado en el pecho, opcional, la educadora sabe de quién es cada bata a la primera.</p>"
"241";"Body bebé liso Fucsia";"<p>Fucsia de verdad, sin estampar: body de bebé liso de algodón orgánico para la guardería, con corchetes en el hombro, de 3 a 18 meses. Un rosa intenso, igual por delante y por detrás, sin dibujo que se descentre ni frase que pase de moda.</p><p>En la escuela infantil piden una muda tras otra, y un color así se distingue desde la puerta del aula. Con el <strong>nombre bordado</strong> sobra la etiqueta: la educadora sabe de quién es aunque acabe al fondo de la caja de recambio.</p><p>El <strong>algodón peinado</strong> no raspa, y los <strong>tres corchetes de la entrepierna</strong> se abren con una mano mientras la otra sujeta al bebé.</p><p>Le van los vaqueros, los leotardos grises y hasta una falda de tul: el fucsia lo aguanta todo.</p>"
"242";"Body bebé liso Amarillo";"<p>Body de bebé liso amarillo claro, de algodón orgánico y con corchetes en hombro y entrepierna, para vestir debajo de petos y ranitas de 3 a 18 meses. Es un amarillo suave, de limón con leche, que no compite con nada de lo que se ponga encima.</p><ul><li><strong>Debajo del peto vaquero</strong> asoma por el cuello y las mangas y le da luz a la cara.</li><li><strong>Solo, en verano</strong>, con el pañal y poco más, es cuanto hace falta en casa.</li><li><strong>Con leotardos marrones</strong> o grises en otoño, el conjunto sale hecho sin pensar.</li></ul><p>El algodón peinado es fino y agradable, y el cierre del hombro evita estirar el cuello cada mañana.</p><p>Si lo prefieres con su nombre, lo bordamos a máquina en nuestro taller de Barcelona.</p>"
"243";"Body bebé liso Naranja";"<p>Naranja intenso para un body de bebé liso de algodón orgánico, con corchetes en el hombro y en la entrepierna, en tallas de 3 a 18 meses. Un naranja de mandarina, sin estampar, con el cuello y los puños al mismo tono.</p><p>Cuando nace un bebé llegan bodys blancos y beige por docenas. Este es el que no se repite, y el que se ve desde el otro lado del parque cuando empieza a gatear.</p><p>El <strong>cierre del hombro</strong> abre el cuello para que la cabeza pase sin tirones, y abajo lleva <strong>tres corchetes</strong> para el cambio de pañal. Por dentro, <strong>algodón orgánico peinado</strong> que no pica.</p><p>Con vaqueros queda de calle; con un pantalón marino, de domingo.</p><p>Y para que el regalo sea solo suyo, pide el nombre bordado en la prenda.</p>"
"244";"Body bebé liso Azul marino";"<p>Body de bebé liso azul marino, de algodón orgánico y con tres corchetes en la entrepierna, para cambiar el pañal sin desvestirlo, de 3 a 18 meses. Marino oscuro, sin estampado, con el cuello redondo y los puños de la misma tela.</p><p>A las tres de la mañana se agradece: los <strong>corchetes de la entrepierna</strong> se sueltan a oscuras, se cambia el pañal y se vuelven a cerrar sin que el bebé se despierte del todo. El del hombro hace lo mismo por la mañana con el cuello.</p><p>El marino perdona la papilla mejor que el blanco y aguanta la baba del chupete sin dar la nota. Debajo de un peto de pana o con un pantalón beige, viste sin esfuerzo.</p><p>El <strong>algodón orgánico peinado</strong> es suave desde el primer día.</p><p>Si lo quieres con su nombre bordado, el hilo lo elegimos nosotros para que se lea bien sobre el marino.</p>"
"245";"Body bebé liso Gris";"<p>Gris jaspeado, el color que va con todo, en un body de bebé liso de algodón orgánico peinado con corchetes en el hombro, de 3 a 18 meses. El gris vigoré tiene el punto de textura de la ropa cómoda de casa, sin estampar ni serigrafiar.</p><h3>Lo que toca la piel</h3><p>Es la prenda que va en contacto directo con el bebé todo el día, así que aquí manda el tejido: <strong>algodón orgánico peinado</strong> para que quede liso y suave, sin pelusa. Para pieles que se irritan con facilidad, cuanto más suave, mejor.</p><p>Los <strong>corchetes del hombro</strong> abren el cuello sin tirar de la cabeza, y abajo lleva tres para el pañal. Sirve de primera capa bajo el pelele en invierno y solo, con un pantalón corto, en verano.</p><p>Añade su nombre bordado si quieres que además de cómodo sea inconfundible en la bolsa de la guardería.</p>"
"246";"Body bebé liso Azulón";"<p>Azul royal, ni celeste ni marino: body de bebé liso de algodón orgánico, con cierre en el hombro y tres corchetes abajo, de 3 a 18 meses. Un azulón vivo y liso que se ve desde lejos y no se pierde entre el resto de la ropa de la cesta.</p><p>Va bien con el gris y el blanco, con vaqueros claros y con un pantalón mostaza para quien se atreva. En la foto de familia es el que se lleva la mirada. Y en el cajón, con dos o tres lisos más, monta la base del armario del primer año.</p><p>El <strong>algodón orgánico peinado</strong> es suave por dentro; el <strong>cierre del hombro</strong> ahorra pelear con el cuello, y los <strong>corchetes de la entrepierna</strong> se sueltan en un segundo para el pañal.</p><p>Para la guardería o para regalar, se puede pedir con el nombre bordado a máquina en nuestro taller de Barcelona.</p>"
"247";"Body bebé Monstruo galletas";"<p>Body de bebé Monstruo galletas, azul royal con la cara de un monstruo de ojos saltones y boca llena de migas, de algodón orgánico, de 3 a 18 meses. El dibujo va en negro sobre el azul: dos ojos redondos, una boca abierta con los bordes mordidos y las migas cayendo por el pecho.</p><h3>El body de la hora de comer</h3><p>Es la cara que pone cuando ve la papilla o el primer trozo de galleta, y por eso es el que toca en la trona. Que las migas de verdad caigan encima del dibujo forma parte del plan.</p><p>El <strong>algodón orgánico peinado</strong> no raspa, y los <strong>corchetes del hombro</strong> permiten sacar el body sin pasar nada pegajoso por la cabeza después de la merienda. Abajo, tres más para el pañal.</p><p>Si el bebé ya tiene nombre, lo bordamos en la prenda para que la broma sea solo suya.</p>"
"248";"Body bebé Monstruo azul";"<p>Body de bebé Monstruo azul, el de la tristeza, en algodón orgánico azul royal con el dibujo en negro sobre el pecho, en tallas de 3 a 18 meses. Ojos cerrados, cejas caídas, una lágrima en la mejilla y una lluvia de gotas bajo la boca: así se dibuja un día de llanto sin motivo.</p><p>La idea es sencilla y útil en casa: ponerle un color a lo que siente. Cuando llore sin que sepáis por qué, ya tiene nombre y cara, y toca abrazar hasta que pase.</p><p>Forma juego con los otros cuatro monstruos de la colección, uno por emoción, para vestir al bebé según el humor del día.</p><p>El <strong>algodón orgánico peinado</strong> es suave para la piel, el <strong>corchete del hombro</strong> evita tirar del cuello al vestirlo y los tres de la entrepierna resuelven el cambio de pañal en un momento.</p><p>Con su nombre bordado, si quieres que el monstruo triste sea de alguien en concreto.</p>"
"249";"Body bebé Grease Rydell";"<p>Body de bebé Grease Rydell en rojo con el rótulo «Rydell High School» en letras blancas, de algodón orgánico, para bebés de 3 a 18 meses. Rojo intenso liso y tres palabras en mayúscula gruesa que ocupan el pecho, sin más dibujo: el nombre del instituto lo pone todo.</p><p>Es un regalo para padres que se saben las canciones de memoria y ya han decidido que el bebé también se las aprenderá. Con una cazadora vaquera diminuta encima, disfraz resuelto para el carnaval de la guardería o para la fiesta de los mayores.</p><ul><li><strong>Algodón orgánico peinado</strong>, suave y ligero.</li><li><strong>Cierre en el hombro</strong>: la cabeza pasa sin apretar.</li><li><strong>Tres corchetes abajo</strong> para cambiar el pañal a toda prisa.</li></ul><p>Si quieres que lleve su nombre, lo bordamos a máquina en el taller de Barcelona.</p>"
"250";"Body bebé Monstruo rojo";"<p>Monstruo rojo de la rabia en un body de bebé rojo de algodón orgánico, con el dibujo en negro sobre el pecho, para peques de 3 a 18 meses. Cejas fruncidas, ojos redondos que miran fijo, dos colmillos asomando y las gotas del sofoco cayendo debajo.</p><p>Todos los bebés tienen su día de rabia: el del hambre que no llega, el de la siesta que no cuaja. Ponérselo esa mañana es una forma de avisar a quien lo cuide de que hoy toca paciencia, y de reírse un poco.</p><p>Junto al azul de la tristeza, el amarillo de la alegría, el gris del miedo y el rosa del amor, completa la familia de monstruos de las emociones.</p><p>El <strong>algodón peinado</strong> es suave; el <strong>corchete del hombro</strong> permite quitárselo sin pasar el enfado por la cabeza, y los tres de la entrepierna dejan el pañal resuelto en un momento.</p><p>Con su nombre bordado, para que la rabieta al menos tenga dueño.</p>"
"251";"Body bebé Monstruo amarillo";"<p>Body de bebé Monstruo amarillo, el de la alegría, en algodón orgánico amarillo claro con la cara sonriente dibujada en negro, de 3 a 18 meses. Ojos cerrados de tanto reír, una sonrisa de oreja a oreja con dos dientecillos y los cuernos a rayas: el más contento de la colección.</p><p>Es el que se regala cuando nace un bebé y cuando se quiere decir «enhorabuena» sin tarjeta. El amarillo suave sienta bien a cualquier piel, y en la foto del anuncio siempre sale alguien sonriendo.</p><ul><li><strong>Algodón orgánico peinado</strong>, con el dibujo estampado en el pecho.</li><li><strong>Corchetes en el hombro</strong> para vestir sin tirar de la cabeza.</li><li><strong>Tres corchetes abajo</strong> que se sueltan con una mano.</li></ul><p>Con su nombre bordado, el regalo queda cerrado y no se confunde con ningún otro del montón.</p>"
"252";"Body bebé Monstruo gris";"<p>Gris jaspeado con el monstruo del miedo en el pecho: body de bebé Monstruo gris de algodón orgánico, con el dibujo en negro, de 3 a 18 meses. Dos ojos abiertos como platos, la boca temblando y los pelos de punta, con las gotas del susto cayendo debajo.</p><p>Es la cara que pone con la aspiradora, con el secador o en la primera visita al pediatra. Ponerle el gris ese día ayuda a nombrar lo que pasa y a quitarle hierro: el miedo también tiene su monstruo, y también se pasa.</p><p>El gris vigoré combina con todo lo que ya hay en el cajón, del vaquero al pantalón mostaza.</p><p>Va en <strong>algodón orgánico peinado</strong>, con <strong>corchetes en el hombro</strong> para que el cuello pase sin sustos y tres en la entrepierna para el pañal.</p><p>Si quieres, añade su nombre bordado y el monstruo asustado sabrá de quién es.</p>"
"253";"Body bebé Monstruo rosa";"<p>Body de bebé Monstruo rosa, el del amor, en algodón orgánico fucsia con el dibujo en negro sobre el pecho, en tallas de 3 a 18 meses. Ojos cerrados de gusto, las mejillas coloradas con dos rayitas y una sonrisa tranquila, con las gotas cayendo debajo como en el resto de la colección.</p><p>Es el body de los mimos: el que se lleva a casa de los abuelos, el del primer «te quiero» dicho con la mirada y el que mejor queda cuando la tía pide una foto. En fucsia intenso, no en rosa pálido.</p><p>Los <strong>corchetes del hombro</strong> lo hacen fácil de poner después del baño, cuando el bebé está relajado y nadie quiere pelear con el cuello, y los tres de la entrepierna dejan el pañal listo sin quitarle nada más. El <strong>algodón orgánico peinado</strong> se queda suave contra la piel.</p><p>Puedes pedirlo con su nombre bordado, a máquina, en nuestro taller de Barcelona.</p>"
"254";"Body bebé Good Vibes";"<p>Body de bebé Good Vibes en gris jaspeado con la frase «Good vibes» en letra caligráfica fucsia y tres estrellitas, de algodón orgánico, de 3 a 18 meses. La caligrafía ocupa el pecho de lado a lado y el fucsia salta sobre el gris sin estridencias.</p><p>Es el body que regalan los padrinos o la amiga que no quiere caer en el clásico conjunto rosa: un mensaje que sirve para niña y para niño y un gris que combina con lo que ya tenga. Con unos leotardos fucsia, conjunto hecho; con vaqueros, de diario.</p><p>Por dentro, <strong>algodón orgánico peinado</strong> suave con la piel; arriba, <strong>corchetes en el hombro</strong> que abren el cuello para no tirar de la cabeza; abajo, <strong>tres corchetes</strong> para el pañal.</p><p>Añádele el nombre bordado y las buenas vibraciones ya tienen destinatario.</p>"
"255";"Body bebé Wild Leopard";"<p>Body de bebé Wild Leopard en amarillo claro con un leopardo dormido entre hojas y la frase «Wild &amp; Free», de algodón orgánico, de 3 a 18 meses. El dibujo va a línea negra, sin relleno: el leopardo con los ojos cerrados, las manchas en el lomo y la cola enroscada, tumbado entre la hierba.</p><h3>Salvaje, pero durmiendo</h3><p>Es el body de la siesta y de las tardes de manta en el suelo, con un felino que pide calma más que rugidos. Sobre el amarillo suave, el trazo negro queda limpio y se lee de lejos.</p><p>El <strong>algodón orgánico peinado</strong> es ligero y agradable sobre la piel, y los <strong>corchetes del hombro</strong> permiten vestirlo dormido sin pasarle el cuello por la cabeza. Abajo, tres corchetes para el pañal.</p><p>Pídelo con su nombre bordado si quieres que el leopardo sea solo de tu peque.</p>"
"256";"Body bebé Young wild";"<p>Para el bebé que ya va de excursión: body Young wild en gris jaspeado con montañas, sol, dos pinos y una tienda de campaña en verde, de 3 a 18 meses. La frase «Young wild &amp; free» va en arco sobre el paisaje, todo a una sola tinta verde sobre el gris.</p><p>Es el body de la primera salida al monte en la mochila portabebés, de la acampada con los primos y de la foto junto al lago. También sirve de domingo en casa: el gris va con cualquier pantalón.</p><ul><li><strong>Algodón orgánico peinado</strong>, ligero para caminar al sol.</li><li><strong>Corchetes en el hombro</strong> para que el cuello pase sin tirones.</li><li><strong>Tres corchetes en la entrepierna</strong> para cambiar el pañal donde toque, hasta dentro de la tienda.</li></ul><p>Con su nombre bordado, si quieres que el explorador vaya identificado desde el principio.</p>"
"257";"Body bebé Not tired";"<p>Body de bebé Not tired, azul marino con «I’m not tired» en letras grises grandes en el pecho, de algodón orgánico, de 3 a 18 meses. Marino oscuro, tres palabras en mayúsculas de trazo grueso y ningún otro dibujo: la frase que el bebé aún no dice pero ya piensa, a las nueve de la noche y con los ojos cerrándose.</p><p>Es el body del pijama a medias: el que lleva puesto cuando le cuesta dormirse y el que sale en la foto de las once y media con los ojos como platos. Regalo para padres con sentido del humor y poco sueño.</p><p>El marino disimula el trajín del día y combina con leotardos grises o un pantalón vaquero. El <strong>algodón orgánico peinado</strong> es suave para dormir encima, y los <strong>corchetes de la entrepierna</strong> se abren para el pañal de medianoche sin quitarle el body.</p><p>Y si lo quieres con su nombre bordado, se indica al añadirlo a la cesta.</p>"
"258";"Body bebé Girl Power";"<p>Body de bebé Girl Power en fucsia con «GRL PWR» en letras negras de trazo irregular, como escritas a rotulador, para niñas de 3 a 18 meses. Solo seis letras, sin vocales y bien separadas, sobre un fucsia intenso que no tiene nada de rosa pastel.</p><p>Es el regalo de la tía, de la madrina o de la amiga que quiere dejarlo dicho desde la cuna. Y un mensaje que aguanta bien la foto de dentro de veinte años.</p><ul><li><strong>Algodón orgánico peinado</strong>, suave para una piel de pocos meses.</li><li><strong>Corchetes en el hombro</strong>: se viste sin pasar nada apretado por la cabeza.</li><li><strong>Tres corchetes abajo</strong> para el cambio de pañal.</li></ul><p>Con vaqueros y zapatillas blancas es un conjunto entero. Y con su nombre bordado, el mensaje lleva firma.</p>"
"259";"Body bebé Wildflower";"<p>Body de bebé Wildflower en rosa claro con «Little wildflower» en el pecho, en mayúsculas en arco y letra de pincel, de algodón orgánico, de 3 a 18 meses. Todo en negro sobre un rosa empolvado, sin flores dibujadas: el nombre lo dice todo.</p><p>Es el body de la foto de primavera, en la manta sobre la hierba o en el carrito paseando bajo los almendros. Un rosa suave que no cansa y una frase pequeña para una persona pequeña.</p><p>El <strong>algodón orgánico peinado</strong> es fino y suave, pensado para una piel que aún no ha estrenado casi nada. Los <strong>corchetes del hombro</strong> abren el cuello para vestirla sin tirar de la cabeza, y los tres de la entrepierna resuelven el pañal.</p><p>Con leotardos blancos o un pantalón crudo queda de estreno. Y si la flor silvestre ya tiene nombre, lo bordamos en el body.</p>"
"261";"Colchoneta escolar plegable Márfega Rosa";"<p>Colchoneta escolar plegable Márfega en rosa, con la cara exterior gris y asas para colgarla en la percha del aula cuando termina la siesta. Doblada es un cuadrado gris discreto que no desentona entre las mochilas; abierta, la cara rosa lisa es la que toca al peque.</p><h3>Se cuelga y desaparece</h3><p>Las <strong>asas de la funda</strong> sirven para traerla de casa al cole y, al doblarla, quedan arriba, listas para la percha. Plegada mide 57 × 53 cm y 6 de grosor, así que entre abrigo y abrigo no ocupa más que una bolsa de deporte.</p><p>Lleva <strong>dos espumas de alta densidad</strong>, plastificadas y sin ftalatos, que soportan hasta 60 kg: aguanta al de P3 y aguanta a la maestra que se sienta con él a leer el cuento.</p><p>Con el <strong>nombre bordado</strong> sobre el gris de la funda, cada colchoneta tiene su percha y ninguna se cambia por otra.</p>"
"262";"Colchoneta plegable Márfega Azul";"<p>Colchoneta plegable Márfega azul con interior de vichí multicolor, para la siesta del cole y para estirarla en el parque o en la excursión. Por fuera es azul medio, con asas del mismo azul; por dentro lleva un cuadro pequeño de vichí en azul, rojo y blanco que disimula la hierba y la arena mejor que un color liso.</p><ul><li><strong>Impermeable por dentro</strong>: las dos espumas van plastificadas, así que el suelo húmedo del parque o el zumo derramado no llegan al relleno.</li><li><strong>Se pliega en dos</strong> y se lleva de las asas como una bolsa de 57 × 53 cm, que entra en el maletero o se cuelga del carrito.</li><li><strong>Funda desenfundable</strong> por el velcro lateral, para que la tela vuelva limpia de cada salida sin mojar la espuma.</li></ul><p>Confeccionada en nuestro taller de Barcelona, y con el <strong>nombre bordado</strong> si quieres que en la salida de fin de curso cada uno reconozca la suya.</p>"
"263";"Pack 5 baberos cuello elástico rojo";"<p>Pack de 5 baberos de rizo de algodón con cuello elástico rojo, uno para cada día de la semana en la guardería, que se ponen por la cabeza sin cintas. Son blancos, de forma ovalada, con el <strong>bies rojo</strong> alrededor y el aro elástico del mismo rojo en el cuello.</p><ul><li><strong>Rizo de doble capa</strong>, toalla por las dos caras: absorbe la papilla de cereales y la fruta antes de que traspase.</li><li><strong>Cuello elástico</strong>: se coloca como una camiseta, sin velcro ni lazos, y el peque no se lo arranca de un tirón.</li><li><strong>Tamaño grande</strong>: cubre hasta la cintura, para bebés que ya comen con las manos.</li></ul><p>Es el modelo que usan las escuelas infantiles por lo que aguanta: cinco iguales, uno cada mañana, y la bolsa de vuelta el viernes. Con el nombre bordado dentro de una nube de tela, marrón o rosa, no se mezclan con los del resto de la clase.</p>"
"264";"Pack 5 baberos cuello elástico azul";"<p>Cinco baberos de rizo de doble capa con cuello elástico azul, para la semana de guardería o la papilla en casa sin pelearse con el cierre. El babero es blanco y ovalado, con el <strong>ribete azul</strong> recorriendo el borde y el aro del cuello en el mismo azul claro.</p><p>El <strong>cuello elástico</strong> se pasa por la cabeza y ya está: sin cintas que atar ni nada que el bebé pueda abrir solo a media comida. Para quitarlo, se saca igual, como una camiseta.</p><p>El rizo de algodón va por las dos caras y es grueso, así que la fruta chafada y los cereales se quedan en el babero y no pasan a la ropa. Tapa hasta la cintura.</p><p>Confeccionados en nuestro taller de Barcelona. Si prefieres que vayan con el nombre, lo bordamos dentro de una nube de tela, marrón o rosa, y así la educadora ve de quién son antes de abrir la bolsa.</p>"
"265";"Pack 5 baberos cuello elástico verde";"<p>Pack de cinco baberos blancos de rizo de doble capa con cuello elástico verde: se ponen por la cabeza como una camiseta y tapan hasta la cintura. El <strong>bies verde</strong> del borde y el aro del cuello van a juego, y la forma ovalada deja la barbilla despejada.</p><h3>Uno por día</h3><p>Lunes, martes, miércoles, jueves y viernes: cinco iguales para que en la guardería siempre haya uno limpio en la mochila y el que vuelve manchado no sea un drama. Están pensados para el uso diario de una escuela infantil.</p><p>El <strong>rizo de algodón por las dos caras</strong> absorbe la papilla de cereales y el zumo de la fruta, y sirve para limpiar la boca al terminar. Sin plástico entre capas.</p><p>El cuello elástico evita tirones de velcro y lazos deshechos. Con el nombre bordado dentro de una nube de tela, marrón o rosa, el pack vuelve completo cada viernes.</p>"
"266";"Lamina decorativa Dinosaurios Alfabeto";"<p>Lámina decorativa Dinosaurios Alfabeto, con un dinosaurio distinto para cada letra de la A a la Z, para aprender el abecedario desde la pared. Bajo el título «The Dino Alphabet», cada letra va en negro, trazada a mano, con su dinosaurio a todo color al lado y el nombre de la especie en letra pequeña: el anquilosaurio en la A, el braquiosaurio en la B.</p><ul><li><strong>Diseño exclusivo de Pronens</strong>, con los dinosaurios en verde, naranja, azul y rosa sobre fondo blanco roto.</li><li><strong>Papel reciclado con certificado FSC</strong> de 300 gramos, rígido, que se mantiene plano en el marco.</li><li><strong>Dos tamaños</strong>: 32 × 45 cm para la pared junto a la cama y 50 × 70 cm para que se lea desde la puerta.</li></ul><p>Sirve para dos edades: a los tres años buscan el dinosaurio; a los cinco, la letra con la que empieza su nombre. Y los nombres de las especies dan para muchas noches de preguntas.</p>"
"267";"Colchoneta escolar plegable Márfega Marino";"<p>Márfega marino con raya marinera por dentro: colchoneta plegable para la siesta del cole y para el yoga o la playa de los mayores. Nació para la escuela, pero sus <strong>espumas de alta densidad</strong> aguantan hasta 60 kg, así que sostiene a un adulto haciendo el puente sobre la terraza o el césped.</p><p>El exterior es azul marino liso, con asas marino; el interior va a rayas finas marino y blanco, que quedan bien sobre la arena y no cantan si la dejas en el salón. Estirada mide 120 × 53 cm: la longitud justa para una sesión de estiramientos o para tumbarse en una cala de piedras sin clavarse nada.</p><p>El <strong>plastificado de las espumas</strong> hace que la arena mojada o el sudor no pasen del tejido, y la funda se quita por el velcro lateral cuando toque limpiarla.</p><p>Puedes pedirla con tu <strong>nombre bordado</strong>, o con el del peque si al final se la queda para la siesta.</p>"
"268";"Delantal infantil Castañera";"<p>Delantal infantil de castañera en tela de farcell, la de cuadros negros y marrones de toda la vida, para disfrazarse en la Castanyada del cole. Lleva <strong>ribete y cintas en rojo</strong>, que resaltan sobre el cuadro, un bolsillo grande delante con el borde rojo y una franja de rayas en el bajo, la misma que remata el farcell tradicional.</p><h3>El disfraz que se reutiliza</h3><p>El <strong>bolsillo</strong> es para las castañas y los panellets del día, y el resto del año sirve de delantal para pintar o para ayudar en la cocina: la tela es de algodón y poliéster, resistente, y se ata con <strong>lazo en la cintura</strong>.</p><p>Es talla única, de dos a seis años, y mide 44 × 54 cm, así que el mismo delantal vale para el pequeño de P3 y para la mayor de P5. Lo cortamos y cosemos en nuestro taller de Barcelona con tela catalana.</p><p>Con el <strong>nombre bordado</strong>, la castañera de tu clase no se confunde con la de al lado en la foto de grupo.</p>"
"269";"Blusón Educadora Infantil color pistacho";"<p>Blusón de educadora infantil en verde pistacho, de patrón evasé y manga corta, pensado para agacharse cien veces al día sin que tire ni se suba. El cuello es redondo, la manga apenas cubre el hombro y el vuelo arranca en el pecho y se abre hasta la cadera, como se ve en la foto con la modelo.</p><p>El <strong>corte evasé</strong> no marca la cintura: te agachas a atar un zapato, te sientas en el suelo en la asamblea y te levantas con un niño en brazos, y el blusón vuelve a su sitio solo. Es de <strong>tejido de punto</strong>, así que estira como una camiseta y aguanta un curso entero de témpera y arena.</p><p>Dos <strong>bolsillos de plastrón</strong> bajos, uno a cada lado, para el paquete de pañuelos y la llave del aula. Tallas de la S a la XXL.</p><p>Lo cosemos en nuestro taller de Barcelona y, si quieres, con tu nombre bordado para que las familias te llamen por él desde el primer día.</p>"
"270";"Bolsa guardería impermeable Ricitos de Oro";"<p>Bolsa de guardería impermeable Ricitos de Oro, con la niña de rizos rubios entre dos osos delante de su casita del bosque, para la muda y el almuerzo. Ricitos lleva chaqueta turquesa y vestido rosa, los osos pardos la escoltan como guardaespaldas y detrás asoma la cabaña de madera con farolillo. El cordón es verde agua.</p><p>Como en el cuento, aquí hay tres tamaños y uno es el justo: ni demasiado grande ni demasiado pequeño para lo que tu hijo lleva cada día.</p><ul><li><strong>Mini</strong>: la chupetera, para el chupete y poco más.</li><li><strong>Pequeña</strong>: la bolsa de almuerzo, con sitio para el bocadillo, la fruta y la botella.</li><li><strong>Grande</strong>: la bolsa de muda, para la ropa de recambio completa o los pañales.</li></ul><p>Todas llevan <strong>engomado impermeable por dentro</strong> y cierre de cordón para colgarlas, y si pides el <strong>nombre bordado</strong>, va dentro de una nube de tela marrón o rosa, para que en la percha no se equivoque de bolsa ni un oso.</p>"
"271";"Bolsa guardería impermeable Rapunzel";"<p>Saco impermeable Rapunzel, con la princesa de melena larguísima delante de su castillo, para la muda de la guardería y del cole durante muchos cursos. Rapunzel cruza los brazos con una flor rosa en el pelo, corpiño marrón y falda rosa, y detrás se levantan las torres del castillo bajo un cielo de atardecer.</p><p>La melena de Rapunzel tardó años en crecer, y este saco está pensado para durar otros tantos: sirve desde el chupete de la escuela infantil hasta la muda de natación de primaria, porque el dibujo no se queda pequeño y la <strong>microfibra impermeabilizada</strong> aguanta el uso diario.</p><p>Por dentro, el <strong>engomado</strong> retiene lo mojado; por fuera, el <strong>cordón ajustable</strong> la cierra y la cuelga. Elige la mini, la pequeña de almuerzo o la grande de muda.</p><p>El nombre bordado lo hacemos en nuestro taller de Barcelona y va dentro de una nube de tela, marrón o rosa, que sobre los rosas del castillo se ve de lejos.</p>"
"272";"Bolsa impermeable guardería Thor";"<p>Bolsa de guardería impermeable Thor, con un guerrero de martillo y capa granate entre rayos azules, para la muda y el almuerzo del cole de 0 a 12 años. El guerrero, de barba rubia y armadura oscura, sujeta un martillo enorme con las dos manos mientras el cielo se llena de relámpagos blancos y azules.</p><p>Con tanto rayo en la lámina, lo lógico es que la bolsa aguante la tormenta: el <strong>interior engomado</strong> deja fuera la lluvia del patio y dentro la ropa mojada, sin que una cosa se mezcle con la otra.</p><ul><li><strong>Seca rápido</strong>: se vacía y está lista para mañana.</li><li><strong>Cierre con cordón</strong> ajustable, para colgarla en la percha o del carrito.</li><li><strong>Ligera</strong>: doblada, cabe en el bolsillo de la mochila.</li></ul><p>Las tres medidas llevan el mismo dibujo: mini para el chupete, pequeña para el almuerzo y grande para la muda. El <strong>nombre bordado</strong> va dentro de una nube de tela, marrón o rosa, que sobre el azul del cielo parece una nube más de la tormenta.</p>"
"273";"Bolsa impermeable guardería Murciégalo";"<p>Bolsa impermeable Murciégalo, con un pequeño héroe de capa gris volando sobre la ciudad al anochecer, para la muda y el almuerzo de la guardería. El niño lleva traje gris con cinturón amarillo y un murciélago en el pecho, el flequillo al viento y cara de estar disfrutando; detrás, rascacielos en tonos violeta y otro héroe alado le sigue. Cordón azul.</p><h3>Un nombre que se ve en la oscuridad</h3><p>En la percha del cole, cuando las bolsas se amontonan, el <strong>nombre bordado dentro de una nube de tela</strong> es lo que se lee primero. Eliges la nube marrón o la rosa, y la educadora deja de abrir bolsas para saber de quién es cada muda.</p><p>La parte práctica: <strong>engomado por dentro</strong> que retiene lo mojado, muy poco peso y <strong>cierre de cordón</strong> que sirve para colgarla. Las tres medidas son la mini chupetera, la pequeña de almuerzo y la grande de muda.</p>"
"274";"Bolsa impermeable guardería Leopardo";"<p>Saco de guardería impermeable Leopardo, con un leopardo agazapado en una rama sobre fondo verde menta, para la muda o la merienda de 0 a 12 años. El felino, de manchas negras sobre pelaje dorado y ojos amarillos, avanza por el tronco con las zarpas por delante y mira fuera del cuadro; unas hojas asoman por los bordes. Cordón blanco.</p><p>Un leopardo se mueve ligero y el saco también: pesa tan poco que se lleva doblado dentro de la mochila del cole y solo ocupa sitio cuando se llena. Al sacarlo, la ropa de recambio va dentro y el <strong>engomado interior</strong> se encarga de que lo húmedo no salga.</p><p>Las tres medidas lo repiten a escala: la <strong>chupetera</strong> para el chupete y algún tesoro, la de almuerzo para el bocadillo y la fruta, y la <strong>grande</strong> para el cambio completo con el calzado.</p><p>El nombre bordado va dentro de una nube de tela, marrón o rosa; la marrón hace juego con el pelaje del leopardo.</p>"
"275";"Bolsa impermeable Gigantosaurus";"<p>Bolsa de almuerzo impermeable Gigantosaurus, con un dinosaurio de tres cuernos comiendo fruta amarilla, para la merienda y la muda de la guardería. El dinosaurio, azul con cresta y cuernos de marfil, muerde la fruta con los ojos cerrados mientras un dinosaurio pequeño le imita al lado, entre piñas y una cesta, todo sobre fondo turquesa. Cordón azul.</p><p>El dinosaurio come fruta y la bolsa mediana está hecha para llevarla: el plátano, la manzana cortada y el bocadillo van juntos, sin tuppers sueltos ni bolsas de plástico, y si la fruta suelta jugo el <strong>interior engomado</strong> lo retiene.</p><ul><li><strong>Chupetera</strong>: la mini, para el chupete y una figurita de dinosaurio.</li><li><strong>Bolsa de almuerzo</strong>: la pequeña, para el desayuno de media mañana.</li><li><strong>Bolsa de muda</strong>: la grande, para la ropa de recambio completa.</li></ul><p>Las cosemos en nuestro taller de Barcelona, y ahí bordamos el <strong>nombre dentro de una nube</strong> de tela, marrón o rosa, para que el dinosaurio no se equivoque de mochila.</p>"
"276";"Bolsa impermeable Pepa";"<p>Bolsa de muda impermeable Pepa, con una cerdita rosa guiñando un ojo sobre fondo turquesa, para el recambio del cole y las noches en casa de los abuelos. Pepa es redonda como una hucha, con el rabito enroscado, mofletes colorados y un hocico enorme, y el turquesa liso del fondo hace que se vea desde la otra punta del pasillo. Cordón blanco.</p><p>Para dormir fuera funciona igual de bien que para la escuela infantil: en la grande van el pijama, la ropa del día siguiente y el peluche, y en la pequeña el zumo y las galletas del coche. Si el zumo se abre, el <strong>engomado interior</strong> se lo queda y la bolsa se aclara en un momento.</p><p>La <strong>chupetera</strong> completa el trío para el chupete, y las tres se cierran con un <strong>cordón ajustable</strong> del que se cuelgan en la percha o en el carrito.</p><p>Pide el nombre bordado y va dentro de una nube de tela, rosa como Pepa o marrón, para que en casa de los abuelos también sepan cuál es la suya.</p>"
"277";"Bolsa impermeable Vaca Lola";"<p>Chupetera, bolsa de almuerzo y bolsa de muda impermeables con la Vaca Lola y sus vecinos de la granja, para los peques de la guardería y del cole. Lola, blanca y negra con cencerro al cuello y ojos azules, posa delante del establo de madera con un gallo, una gallina con sus pollitos, un cerdito rosa y un pato azul.</p><p>La canción dice que la vaca Lola tiene cabeza y tiene cola y hace muuu, y con eso basta para que en la escuela infantil la reconozcan todos. Las tres medidas llevan la misma escena.</p><ul><li><strong>Mini</strong>: la chupetera, para el chupete o el muñeco de la siesta.</li><li><strong>Pequeña</strong>: la de almuerzo, con el bocadillo y la fruta.</li><li><strong>Grande</strong>: la de muda, con la ropa de recambio y los pañales.</li></ul><p>Todas llevan <strong>interior engomado</strong> que retiene lo mojado y <strong>cierre de cordón</strong> para colgarlas. Con el <strong>nombre bordado</strong> en una nube de tela, marrón o rosa, la granja de tu hijo no se va a otra percha.</p>"
"278";"Bolsa impermeable guardería Aloha";"<p>Bolsa de merienda impermeable Aloha, con una niña bailando hula en la playa, en dos medidas para el chupete y el almuerzo de la piscina o la guardería. La bailarina lleva falda de hojas verdes, corona y collar de flores y top rosa, y baila sobre la arena con palmeras y mar turquesa detrás. El cordón es azul.</p><p>Aloha se ofrece en las dos medidas pequeñas, sin bolsa de muda: la <strong>chupetera</strong> para el chupete y las conchas de la orilla, y la <strong>bolsa de almuerzo</strong> para la fruta, el bocadillo y la botella de la tarde de piscina. Si la botella suda o la sandía gotea, el <strong>engomado interior</strong> se lo queda.</p><p>Pesa muy poco, se cierra con un cordón que se ata al carrito o a la bolsa de playa, y en un rato está seca aunque haya viajado junto al bañador.</p><p>El nombre lo bordamos en Barcelona dentro de una <strong>nube de tela</strong>, marrón o rosa, para que en el chiringuito del club nadie confunda su merienda.</p>"
"279";"Bolsa impermeable guardería Sami";"<p>Saco de tela impermeable con Sami, una niña abrigada hasta las orejas ante un castillo de hielo, para la muda y el almuerzo de guardería. La lámina va en azules y lilas: gorro de lana con pompón, capucha de pelo blanco y un conejito entre las manoplas, con copos de nieve cayendo alrededor.</p><p>Es la bolsa de los días de charcos. Los calcetines empapados y el pantalón salpicado vuelven a casa dentro de la medida grande sin que la mochila se entere, porque el <strong>engomado interior repele los líquidos</strong>. Y como la tela <strong>seca rápido</strong>, al día siguiente está lista otra vez.</p><p>Las tres piezas comparten dibujo: la chupetera para el chupete y las pequeñas cosas, la de almuerzo para el bocadillo y la fruta, y la de muda para la ropa de recambio entera. El cordón se ajusta y sirve para colgarlas de la percha del cole.</p><p>Para que la de Sami no se confunda con la de otra niña, el nombre puede ir <strong>bordado dentro de una nube</strong> de tela, marrón o rosa, como prefieras.</p>"
"280";"Bolsa guardería impermeable Los Tres Cerditos";"<p>Los Tres Cerditos protagonizan este saco de guardería impermeable, en tres medidas a juego para el chupete, el almuerzo y la muda de los peques. Los tres posan en la calle adoquinada de su pueblo, delante de la casa verde de madera y las de ladrillo, uno con gorra y peto azul y otro con sombrero verde, bajo un cielo despejado.</p><p>Tres cerditos, tres bolsas. Cada una tiene su tamaño y su cometido, y juntas se reconocen de un vistazo en el casillero.</p><ul><li><strong>Chupetera</strong>: del tamaño de la palma de la mano, para el chupete, un mordedor o el clip.</li><li><strong>Bolsa de almuerzo</strong>: el bocadillo, la pieza de fruta y la botella pequeña, todo en un mismo sitio.</li><li><strong>Bolsa de muda</strong>: la ropa de recambio completa, y en verano el bañador con la toalla pequeña.</li></ul><p>Las tres van cosidas en nuestro taller de Barcelona con una microfibra ligera que repele el agua por dentro. Si quieres que cada cerdito lleve dueño, el nombre se borda en una nube de tela marrón o rosa.</p>"
"281";"Bolsa impermeable Helada";"<p>Saco impermeable Helada, con una princesa de hielo de melena rubia y vestido azul brillante, para llevar la muda o el almuerzo a la escuela infantil. Detrás, un castillo de hielo y copos de nieve sobre fondo azul; delante, la tiara y el collar de cristal que tanto gustan a las fans de las princesas del frío.</p><h3>La que se lee desde la puerta</h3><p>En una clase de P3 puede haber tres o cuatro bolsas con la misma princesa. La diferencia está en la <strong>nube de tela con el nombre bordado</strong>, marrón o rosa, que se distingue desde la puerta del aula sin acercarse a la percha. Así la educadora no tiene que abrir ninguna para saber de quién es.</p><p>La tela es una microfibra <strong>impermeabilizada por dentro</strong>: la ropa húmeda se queda en la bolsa y no en la mochila. Pesa poco y el cordón de la boca se ajusta y se cuelga del gancho.</p><p>Las tres medidas, chupetera, almuerzo y muda, llevan la misma lámina para que el juego se reconozca de un vistazo.</p>"
"282";"Bolsa impermeable guardería Arco Iris";"<p>Chupetera impermeable Arco Iris, una bolsita de guardería para el chupete y los pequeños tesoros, con una niña a lomos de un unicornio de crin multicolor. La lámina es pura luz: fondo de arcoíris, nubes rosadas y el unicornio blanco al galope con la niña morena agarrada a las crines.</p><p>Es la pieza pequeña del juego, de un palmo de lado, y en este modelo se ofrece sola. Va colgada del <strong>cordón ajustable</strong> en el asa del carrito o en la mochila, y dentro caben el chupete, el clip, un mordedor o las piedras que tu hija recoge en el parque y no piensa soltar.</p><p>Por dentro lleva el mismo <strong>engomado que repele los líquidos</strong> que las bolsas grandes del juego: el chupete babeado no moja nada más. Y si se ensucia, un agua y en un momento está seca.</p><p>El nombre va <strong>bordado en una nube</strong> de tela, marrón o rosa. En una chupetera tan pequeña, la nube es lo primero que se ve.</p>"
"283";"Bolsa impermeable Unicornio";"<p>Saco de almuerzo impermeable Unicornio, con una niña a caballo de un unicornio de crin rosa por un bosque de algodón, para guardería y cole. La lámina mezcla cielo turquesa, árboles rosas y lilas como nubes de azúcar y una niña de camiseta a rayas naranjas que va sin silla, agarrada a las crines.</p><p>La medida media está pensada para el desayuno de media mañana: el bocadillo envuelto en su servilleta, la mandarina y la botella pequeña van juntos y no sueltos por la mochila, sin tuppers que se abren ni bolsas de plástico de un solo uso.</p><ul><li><strong>Interior engomado</strong>: si la fruta suda o la botella gotea, el líquido se queda dentro.</li><li><strong>Se seca en un rato</strong> después de pasarla por el grifo.</li><li><strong>Cordón de cierre</strong> que se ajusta y cuelga del gancho de la clase.</li></ul><p>El mismo unicornio está en la chupetera y en la bolsa de muda, si quieres el juego completo. Y para que el desayuno no acabe en otra boca, el nombre se borda dentro de una nube de tela, marrón o rosa.</p>"
"284";"Bolsa guardería impermeable Patito Feo";"<p>El Patito Feo abre las alas en este saco impermeable, rodeado de sus hermanos grises entre margaritas, para el chupete, el almuerzo y la muda del bebé. El pato blanco de pico naranja ocupa el centro de la lámina, feliz, con los patitos pequeños que en el cuento no lo entendían, bajo un cielo azul con nubes.</p><p>Es un regalo de nacimiento que se usa desde el primer día. La <strong>chupetera</strong> sale del hospital con el chupete y el clip; cuando empieza la escuela infantil llegan la de almuerzo y la de muda, y el juego sigue sirviendo hasta primaria.</p><p>La tela es una <strong>microfibra impermeabilizada</strong>, muy ligera, que no deja pasar la humedad al resto de la mochila: un babero mojado o un body sucio viajan dentro sin manchar nada. Se ata y se cuelga con el cordón de la boca.</p><p>Si lo regalas, pídelo con el nombre del bebé <strong>bordado dentro de una nube</strong> de tela, marrón o rosa: es lo que lo convierte en suyo.</p>"
"285";"Bolsa impermeable guardería Amira";"<p>Para la muda o el almuerzo de la guardería, saco impermeable Amira, con una princesa de pelo negro y vestido turquesa en su palacio. Amira abre los brazos bajo un arco decorado, entre farolillos azules y dorados, con diadema, pendientes de aro y un cinturón de oro con una joya rosa en el centro.</p><h3>La muda del accidente de la siesta</h3><p>Pasa en todas las clases de dos y tres años: se despiertan mojados y hace falta ropa de arriba abajo. En la <strong>bolsa de muda</strong>, la grande, cabe el conjunto entero: braguitas, calcetines, leggins y camiseta. Y como el interior lleva un <strong>engomado que repele los líquidos</strong>, la ropa mojada vuelve a casa en la misma bolsa sin empapar la mochila.</p><p>La lámina de Amira se repite en la chupetera y en la bolsa de almuerzo, para tener las tres piezas a juego colgadas del mismo gancho.</p><p>El nombre de tu hija puede ir bordado en una <strong>nube de tela</strong>, marrón o rosa; así la educadora encuentra su muda a la primera.</p>"
"286";"Bolsa guardería impermeable La Granja de mi Tío";"<p>Saco de tela impermeable La Granja de mi Tío, con un granero rojo, un caballo, un gallo y las gallinas, para la muda y el almuerzo de guardería y cole. En la lámina se ve la granja completa: el molino de viento, la vaca asomando, el cerdito, el heno en la puerta y el gallo cantando encima del tejado.</p><p>Es un dibujo que gusta a los dos años y sigue gustando a los seis, y la bolsa aguanta ese recorrido. Del casillero de la escuela infantil a la percha de primaria, con el mismo cordón y la misma lámina.</p><ul><li><strong>Microfibra que repele el agua</strong> por dentro, así que ni la fruta ni la ropa húmeda dejan marca.</li><li><strong>Un solo compartimento</strong> con cierre de cordón, sin cremalleras que se atasquen.</li><li><strong>Cordón ajustable</strong> para cerrarla y colgarla donde haga falta.</li></ul><p>Sale de nuestro taller de Barcelona en tres medidas, chupetera, almuerzo y muda. El nombre del peque va bordado, si quieres, dentro de una nube marrón o rosa.</p>"
"287";"Bolsa guardería impermeable Princesa";"<p>Una princesa de melena castaña y vestido rosa, ante un castillo de torres lilas, ilustra este saco impermeable para estrenar en la escuela infantil. La lámina tiene ojos violetas, tiara dorada, dos pájaros rosas volando y un castillo de cuento con puertas y ventanas de color, sobre un cielo malva.</p><p>Para el inicio de curso hace falta una bolsa para la muda y otra para el almuerzo, y muchas familias empiezan por ahí. Esta viene en tres medidas: la <strong>chupetera</strong> para los primeros meses, la de almuerzo para el bocadillo y la fruta, y la de muda para la ropa de recambio. Con el mismo dibujo, el juego se reconoce enseguida.</p><p>La tela es una <strong>microfibra impermeabilizada</strong>: lo que se moja dentro no traspasa, y se seca rápido para volver al cole al día siguiente. Pesa tan poco que dentro de la mochila no se nota.</p><p>Si la regalas para el primer día de P3, con el nombre <strong>bordado en una nube</strong> marrón o rosa llega ya lista para la percha.</p>"
"288";"Bolsa guardería impermeable Hansel y Gretel";"<p>Hansel y Gretel, delante de la casa de caramelo entre piruletas gigantes, ilustran este saco impermeable para el almuerzo y la muda de los peques. Él lleva sombrero verde y peto marrón; ella, caperuza roja y delantal blanco; alrededor, la cabaña de tejado de paja, el bosque de pinos y golosinas de todos los colores.</p><h3>Los dulces se quedan en el dibujo</h3><p>Dentro de la bolsa de almuerzo van el bocadillo, la fruta y la botella pequeña, todo junto y sin caer al fondo de la mochila. Al abrirla en el patio, el niño encuentra su desayuno de un vistazo y la bolsa se vuelve a cerrar tirando del <strong>cordón</strong>.</p><p>La <strong>microfibra impermeabilizada</strong> hace el resto: si el melocotón chorrea o la botella pierde, el líquido no llega a los libros. Y la ropa de recambio va en la medida grande, con el mismo dibujo.</p><p>Para que no la confunda con la de un compañero, el nombre se puede bordar dentro de una <strong>nube de tela</strong>, marrón o rosa.</p>"
"289";"Bolsa guardería impermeable Stegosaurus";"<p>Un Stegosaurus de placas naranjas bajo un cielo violeta ilustra este saco de guardería impermeable para la muda, el almuerzo y el chupete. El dinosaurio es verde azulado, de ojos grandes y gesto tranquilo, y camina por un desierto con cactus mientras salen las primeras estrellas.</p><p>Un estegosaurio de verdad pesaba varias toneladas; este casi nada. Las tres bolsas juntas, plegadas dentro de la mochila, no añaden peso a una espalda de tres años, y por eso pueden ir a diario sin que nadie se queje.</p><ul><li><strong>Muy ligera</strong>: la impermeabilidad la pone un engomado fino en el interior.</li><li><strong>Se seca rápido</strong>, así que puede volver al cole a la mañana siguiente.</li><li><strong>Cordón para colgarla</strong> del carrito, de la percha o del asa de la mochila.</li></ul><p>La chupetera, la bolsa de almuerzo y la de muda llevan el mismo dinosaurio. Añade el nombre bordado dentro de una nube marrón o rosa y ya no habrá dos estegosaurios iguales en la clase.</p>"
"290";"Bolsa impermeable guardería Madrid";"<p>Bolsa de almuerzo y chupetera impermeables Madrid, con un niño de equipación blanca driblando en un estadio lleno, para el cole y los días de entreno. En la lámina, el niño corre con el balón pegado al pie, camiseta y pantalón blancos, y las gradas al fondo repletas bajo los focos.</p><p>Este modelo viene en dos medidas. La <strong>bolsa de almuerzo</strong> lleva el bocadillo y la botella de agua del entrenamiento, o el desayuno del patio, sin que la fruta ruede por la mochila. La <strong>chupetera</strong> es la pequeña, para el chupete mientras lo use y, después, para los cromos y las llaves.</p><p>El interior lleva un <strong>engomado impermeable</strong>: si la botella suda o gotea, la humedad se queda en la bolsa. El cordón se ajusta y sirve para colgarla del banquillo o de la percha del vestuario.</p><p>El nombre del pequeño delantero se puede bordar dentro de una nube de tela, marrón o rosa, para que nadie se lleve su almuerzo por error.</p>"
"291";"Bolsa impermeable guardería Barcelona";"<p>Saco impermeable Barcelona para la muda, el almuerzo y el chupete, con un niño de camiseta a rayas azules y granates chutando el balón en un estadio. Lleva pantalón azul, botas turquesa y el balón blanco y negro a punto de salir disparado, con las torres de focos y la grada al fondo.</p><h3>Del cole al entreno sin cambiar de bolsa</h3><p>La <strong>bolsa de muda</strong> es la grande y por la mañana lleva la ropa de recambio de la escuela; por la tarde, la camiseta sudada y las medias del entrenamiento vuelven a casa dentro sin tocar el resto de la mochila, gracias al <strong>engomado interior</strong> que no deja pasar la humedad.</p><p>La bolsa de almuerzo se queda con el bocadillo y la botella, y la chupetera con las pequeñas cosas. Las tres se cierran tirando del cordón y se cuelgan del gancho del vestuario.</p><p>Y para que en un equipo de doce niños con la misma lámina cada uno recupere la suya, el nombre va <strong>bordado en una nube</strong>, marrón o rosa.</p>"
"292";"Bolsa guardería impermeable Triceratops";"<p>Un Triceratops naranja de tres cuernos y gola rosada, en plena selva, decora este saco impermeable para la muda o el almuerzo de guardería y cole. El dinosaurio mira de frente con los ojos azules muy abiertos, entre palmeras, matas verdes y piedras rojizas, sobre un suelo de arena anaranjada.</p><p>Los dinosaurios se repiten en las perchas de infantil. Lo que no se repite es el nombre.</p><ul><li><strong>Nube de tela con el nombre bordado</strong>, marrón o rosa, que se lee desde el otro lado de la clase.</li><li><strong>Tres medidas</strong> con el mismo Triceratops: chupetera, bolsa de almuerzo y bolsa de muda.</li><li><strong>Cordón ajustable</strong> que cierra la bolsa y la cuelga del gancho sin que se caiga al suelo.</li></ul><p>La tela es una microfibra con un engomado interior que repele los líquidos: si la ropa de recambio vuelve mojada o la fruta chorrea, la mochila no lo nota. Y se seca en un rato, lista para el día siguiente.</p>"
"293";"Bolsa impermeable guardería Pepe";"<p>Pepe, un loro verde de penacho alegre, y su amigo guacamayo rojo posan en este saco impermeable para la muda y el almuerzo de los peques. Pepe es el grande, verde de arriba abajo con el pico oscuro; el pequeño es rojo con las alas azules y verdes, y detrás asoman palmeras y una gaviota curiosa.</p><p>Sirve para la escuela infantil, pero donde más luce es el fin de semana en casa de los abuelos. En la <strong>bolsa de muda</strong> caben el pijama, la ropa del domingo y los calcetines de recambio; en la de almuerzo, la merienda del viaje; y en la chupetera, el chupete y el muñeco pequeño sin el que no se dormiría.</p><p>Si algo vuelve mojado, el <strong>engomado interior</strong> lo mantiene dentro. La tela es ligera y se seca rápido, y el cordón sirve para colgarla del pomo de la habitación de los abuelos.</p><p>Con el nombre <strong>bordado en una nube</strong> de tela, marrón o rosa, los abuelos saben de quién es cada bolsa cuando vienen los primos.</p>"
"294";"Bolsa guardería impermeable Alana";"<p>Alana surfea una ola turquesa sobre su tabla rosa en este saco impermeable para el bañador mojado, la muda y el almuerzo de los peques. Lleva el pelo castaño al viento y una camiseta turquesa y rosa, con los brazos abiertos para no caerse y las palmeras al fondo bajo un cielo de atardecer.</p><h3>La bolsa de la piscina</h3><p>El bañador y la toalla pequeña salen chorreando del vestuario y entran en la <strong>bolsa de muda</strong>, donde el <strong>engomado interior</strong> retiene el agua para que no cale la mochila ni la ropa seca. En casa se vacía y en un rato está seca otra vez.</p><p>En verano hace lo mismo en la playa y en el curso de natación del cole; el resto del año, con la ropa de recambio de la escuela infantil. La chupetera y la bolsa de almuerzo van a juego.</p><p>El nombre bordado dentro de una <strong>nube de tela</strong>, marrón o rosa, evita que en el vestuario se la lleve otra familia.</p>"
"295";"Bolsa guardería impermeable Dragon";"<p>Saco de guardería impermeable Dragon, con un dragón verde de panza naranja y alas rojas sobre fondo lila, para la muda, el almuerzo y el chupete. El dragón está de pie, con las alas desplegadas de punta a punta de la lámina, cuernos curvados, cola de puntas rojas y una sonrisa llena de dientes que da más risa que miedo.</p><p>Un dragón tiene que durar. Esta bolsa empieza en la escuela infantil y sigue en primaria, porque el tamaño y el dibujo valen igual a los dos años que a los diez.</p><ul><li><strong>Microfibra impermeabilizada</strong> que repele los líquidos por dentro y aguanta el uso diario.</li><li><strong>Cierre de cordón</strong> sin piezas que se rompan: se tira, se ajusta y se cuelga.</li><li><strong>Un solo compartimento</strong> fácil de vaciar y de dejar secar.</li></ul><p>Las tres medidas comparten dragón. Y para que sobreviva también a los intercambios de la clase, el nombre puede ir bordado en una nube de tela, marrón o rosa.</p>"
"296";"Bolsa impermeable guardería Patrulla";"<p>Tres cachorros con gorra de policía sobre fondo turquesa ilustran este saco impermeable Patrulla para la muda o el almuerzo de la guardería. Delante va el jefe, un perro de pelaje negro y canela con gorra azul marino y placa dorada; detrás, uno naranja con gorra roja y otro gris, los tres con cara de misión.</p><p>La emergencia de verdad llega después de la siesta, cuando hay que cambiarlo entero. Por eso la <strong>bolsa de muda</strong> es la medida grande: cabe una muda completa, con calcetines y zapatillas de recambio, y la ropa mojada vuelve a casa dentro sin empapar nada porque el interior lleva un <strong>engomado que retiene los líquidos</strong>.</p><p>La bolsa de almuerzo y la chupetera llevan a los mismos cachorros, y las tres se cierran con un cordón que se cuelga del gancho del aula.</p><p>Cada cachorro de la clase con su nombre: va bordado dentro de una <strong>nube</strong> de tela, marrón o rosa, para que la educadora localice la muda a la primera llamada.</p>"
"297";"Bolsa guardería impermeable Alicia";"<p>Alicia, con su vestido azul, el delantal blanco y una taza de té en las manos, decora este saco impermeable para el almuerzo y la muda de los peques. Camina por un sendero de cuadros rosas y blancos con medias a rayas y lazo negro en el pelo, mientras el conejo blanco la observa, un reloj de bolsillo flota en el aire y un castillo rosa se levanta al fondo.</p><p>La hora del té, en versión patio de infantil, es el desayuno de media mañana, y va en la bolsa mediana.</p><ul><li><strong>Bolsa de almuerzo</strong>: bocadillo, fruta y botella pequeña juntos, sin envoltorios sueltos por la mochila.</li><li><strong>Bolsa de muda</strong>: la grande, con la ropa de recambio completa para la siesta o los charcos.</li><li><strong>Chupetera</strong>: la pequeña, para el chupete o las minucias que aparecen en los bolsillos.</li></ul><p>Todas con el <strong>interior impermeable</strong> que no deja traspasar líquidos y con el cordón para colgarlas. El nombre va bordado en una nube, marrón o rosa, para que ninguna Alicia se pierda por el camino.</p>"
"298";"Bolsa guardería impermeable Tiburón";"<p>Un gran tiburón blanco sonriendo de oreja a oreja en el fondo del mar ilustra este saco impermeable para la muda, el almuerzo y el chupete. Nada hacia el frente con toda la dentadura a la vista, en un agua azul turquesa atravesada por rayos de sol, entre peces pequeños, arena y corales.</p><p>Un tiburón que sale del agua sin mojarse. La tela es una <strong>microfibra impermeabilizada</strong> con engomado por dentro: lo húmedo se queda en la bolsa y la mochila, los cuadernos y el abrigo siguen secos. Da igual que sea el pantalón de un accidente, el bañador de la piscina o una botella que ha perdido.</p><p>Y se seca rápido: se vacía por la noche y a la mañana siguiente vuelve al cole. Pesa muy poco y se cierra tirando del cordón, que también sirve para colgarla.</p><p>La chupetera, la bolsa de almuerzo y la de muda llevan el mismo tiburón. El nombre se puede añadir <strong>bordado dentro de una nube</strong> de tela, marrón o rosa.</p>"
"299";"Bolsa guardería impermeable Atelier";"<p>Saco impermeable Atelier, con una niña rubia pintando con dinosaurios de juguete sobre la mesa, para la muda y el almuerzo de los pequeños artistas. La lámina la muestra con jersey verde azulado y pincel rosa en la mano, concentrada en su dibujo, con botes de pintura de colores y un dinosaurio azul y otro verde mirando la obra.</p><h3>El día de plástica</h3><p>Cuando toca pintura de dedos, la camiseta vuelve con un mapa de colores. Si va en la <strong>bolsa de muda</strong>, las manchas húmedas se quedan dentro y no pasan al forro de la mochila ni a los libros: el interior lleva un <strong>engomado que repele los líquidos</strong>. Después, un agua y en un rato está seca.</p><p>La medida mediana lleva el almuerzo y la pequeña, la chupetera, guarda las piezas menudas. Las tres van a juego y se cierran con cordón para colgarlas del caballete o de la percha.</p><p>Firma la obra: el nombre de tu hija o tu hijo se borda dentro de una <strong>nube de tela</strong>, marrón o rosa.</p>"
"300";"Bolsa impermeable Princesa Vikinga";"<p>La Princesa Vikinga, trenza rubia y casco con cuernos, posa junto a su dragón en este saco impermeable para la muda, el almuerzo y el chupete. Ella viste túnica de cuero, capa y botas de pelo; él es un dragón oscuro de ojos naranjas y cuernos claros que le saca dos cabezas, sobre un fondo verde azulado.</p><p>Toda vikinga necesita equipaje para la expedición del fin de semana a casa de los abuelos.</p><ul><li><strong>Bolsa de muda</strong>: pijama, ropa para dos días y los calcetines de recambio, todo dentro de la medida grande.</li><li><strong>Bolsa de almuerzo</strong>: la merienda del coche y la botella, sin bolsas de plástico.</li><li><strong>Chupetera</strong>: el chupete, el muñeco de dormir y los pequeños tesoros que se recogen por el camino.</li></ul><p>Si algo se moja, el <strong>engomado interior</strong> lo aísla del resto. Las tres se cosen en nuestro taller de Barcelona y admiten el nombre bordado dentro de una nube de tela, marrón o rosa, para que cada prima recupere la suya.</p>"
"301";"Bolsa impermeable Flamenco";"<p>Un flamenco rosa con sombrero rojo y bufanda azul, posando a una pata, protagoniza este saco impermeable para la muda y el almuerzo de guardería y cole. Es el flamenco más elegante de la clase: sombrero de ala ancha, bufanda anudada al cuello y un fondo de rayos de colores con nubes de algodón y mariposas.</p><p>Viene en tres medidas con el mismo pájaro, para que el juego se reconozca de lejos. La <strong>chupetera</strong> es la pequeña, para el chupete y las cosas menudas; la <strong>bolsa de almuerzo</strong> lleva el bocadillo y la fruta; la <strong>bolsa de muda</strong>, la grande, la ropa de recambio entera. Puedes empezar por una y completar el trío más adelante.</p><p>La tela es una microfibra ligera con engomado interior que no deja pasar los líquidos, así que lo húmedo no sale de la bolsa. Se cierra con un cordón que se ajusta y cuelga del gancho de la percha.</p><p>El nombre bordado va dentro de una nube de tela, marrón o rosa, y a este flamenco le sienta muy bien la rosa.</p>"
"302";"Bolsa guardería impermeable El Libro de la Selva";"<p>El Libro de la Selva llega al saco impermeable de guardería con un niño de la jungla y su tigre, para la muda, el almuerzo y el chupete de los peques. El niño, moreno y con taparrabos naranja, mira por encima del hombro con el tigre pegado a él, entre lianas y una luz verde que se cuela por las copas.</p><h3>Para el día de excursión</h3><p>Cuando el cole sale al bosque o a la granja hacen falta las dos cosas: el bocadillo y la ropa de recambio. La <strong>bolsa de almuerzo</strong> guarda el desayuno y la botella; la <strong>bolsa de muda</strong>, la grande, va con la camiseta y el pantalón de repuesto y regresa con lo que se haya manchado de barro sin ensuciar la mochila, porque el <strong>interior repele los líquidos</strong>.</p><p>Pesan muy poco y se cierran con un cordón que cuelga de cualquier gancho. La chupetera completa el trío para los tesoros pequeños.</p><p>Con el nombre bordado dentro de una nube de tela, marrón o rosa, el tigre vuelve siempre con su dueño.</p>"
"303";"Bolsa impermeable Mago";"<p>Saco impermeable Mago para la muda y el almuerzo, con un pequeño mago de gafas redondas, pajarita rosa y sombrero de copa lleno de chispas, para los peques. Va de frac negro con chaleco blanco, sonríe con la boca abierta y del sombrero salen estrellas doradas y polvo de luz sobre un fondo violeta.</p><p>El truco de esta bolsa es que nada desaparece. Con el nombre <strong>bordado dentro de una nube</strong> de tela, marrón o rosa, la muda vuelve de la percha del aula a la mochila correcta, aunque haya dos magos en la misma clase.</p><p>Las tres medidas llevan al mismo mago: la chupetera para el chupete y las monedas del truco, la bolsa de almuerzo para el bocadillo y la fruta, y la de muda para la ropa de recambio completa.</p><p>La tela es una <strong>microfibra impermeabilizada</strong> que retiene por dentro lo que se moja, seca rápido y pesa muy poco. El cordón se ajusta y sirve para colgarla; en un momento aparece y desaparece del gancho.</p>"
"304";"Bolsa impermeable Mamá";"<p>Saco impermeable Mamá, con una madre dando la papilla a su bebé en la trona, para llevar el chupete, el almuerzo o la muda a la escuela infantil. La lámina es una cocina cálida de pared rosa y luz de tarde: ella con delantal y moño rubio, él en la trona con babero azul y un vaso de zumo en la bandeja.</p><p>Con la medida de almuerzo la papilla viaja a la escuela infantil sin sobresaltos: el tarrito, la cuchara y el babero de recambio, juntos y sin rodar por la mochila. Si el tarrito se abre, el <strong>engomado interior</strong> retiene lo que se sale.</p><p>La <strong>bolsa de muda</strong> guarda los pañales y una ropa de recambio completa, y la <strong>chupetera</strong>, el chupete y el mordedor. Pesa muy poco y se cierra con un cordón ajustable para colgarla del carrito.</p><p>El nombre se borda en nuestro taller de Barcelona dentro de una nube de tela, marrón o rosa, y así la educadora sabe de quién es sin abrirla.</p>"
"305";"Bolsa guardería impermeable Tigre";"<p>Bolsa de tela impermeable Tigre, con un tigre sonriente bajo la luna creciente en plena selva, para la merienda y la muda del cole y la guardería. Palmeras, un cielo azul intenso y un pequeño cofre escondido entre la hierba completan una lámina para los que ya distinguen cada animal.</p><p>Va dentro de la mochila del cole sin que se note: la tela es <strong>microfibra ligera</strong> y no añade peso a la espalda.</p><ul><li><strong>Interior impermeabilizado</strong>: la fruta que se aplasta o la botella que suda no manchan los libros.</li><li><strong>Cordón ajustable</strong> para cerrarla y colgarla de la percha de clase.</li><li><strong>Tres medidas</strong>: chupetera, almuerzo y muda, para elegir la que cabe en su mochila.</li></ul><p>Con el nombre bordado en una nube de tela, marrón o rosa a tu elección, el tigre vuelve siempre a la mochila correcta.</p>"
"306";"Bolsa impermeable guardería Iron";"<p>Iron, un pequeño héroe con armadura metálica sobrevolando los rascacielos, en una bolsa de muda impermeable que vuelve a casa sin mojar la mochila. La lámina lo pinta en pleno vuelo, con el pecho azul encendido, los propulsores de las manos y helicópteros al fondo entre los edificios.</p><p>El accidente de la siesta o el charco del patio acaban en la <strong>bolsa de muda</strong>, y el <strong>engomado interior</strong> se encarga de que la ropa húmeda no toque los cuadernos ni el abrigo. Se seca en un rato y al día siguiente está lista otra vez. En la medida de almuerzo sirve para el bocadillo y la botella, y la chupetera guarda lo pequeño.</p><p>Si lo quieres con su nombre, va bordado dentro de una nube de tela, marrón o rosa, para que en el casillero no haya dudas de qué héroe es de quién.</p>"
"307";"Bolsa impermeable Gecko";"<p>Saco impermeable Gecko, con un superhéroe de traje y capa verdes volando sobre la autopista, en tres medidas para el chupete, el almuerzo y la muda. Abajo pasan los coches a toda velocidad, arriba un helicóptero rojo, y él va con el puño cerrado y el antifaz verde puesto, sin perder la sonrisa.</p><h3>Tres medidas, el mismo héroe</h3><p>La <strong>chupetera</strong> es la pequeña, para el chupete y lo que cabe en un puño. La <strong>bolsa de almuerzo</strong> lleva el bocadillo, la fruta y la botella sin tuppers sueltos. Y la <strong>bolsa de muda</strong>, la grande, admite la ropa de recambio entera. Las tres a juego se reconocen de un vistazo en la percha.</p><p>Todas comparten el interior engomado que no deja pasar los líquidos y el cierre de cordón. Las cosemos en nuestro taller de Barcelona, y el nombre se borda en una nube de tela, marrón o rosa, en la que prefieras.</p>"
"308";"Bolsa guardería impermeable Aram Sam Sam";"<p>Bolsa impermeable Aram Sam Sam con una pandilla de niños bailando la canción de gestos, para llevar la merienda al parque o la muda a la escuela infantil. Sobre fondo blanco, el de la sudadera azul marca el paso en primera fila, y detrás le siguen la niña de la gorra azul y el pelirrojo de la camiseta amarilla.</p><p>Es el saco de la merienda de después del cole: el bocadillo, la fruta y el zumo caben en la <strong>medida de almuerzo</strong>, y si algo se derrama, el <strong>interior engomado</strong> lo retiene y no llega a la ropa.</p><p>El cordón ajustable la cierra y la cuelga del carrito o de la percha, y como casi no pesa, la lleva el peque sin protestar.</p><p>El nombre, si lo quieres, va bordado dentro de una nube de tela marrón o rosa, para que al acabar el corro cada uno recupere la suya.</p>"
"309";"Bolsa impermeable Cowboy";"<p>Saco impermeable Cowboy, con un vaquero de sombrero enorme a lomos de su caballito de madera, para la bolsa de fin de semana en casa de los abuelos. La lámina es un cuarto de juegos de pared azul a rayas, con el caballo de balancín sobre ruedas, la camisa amarilla de cuadros y el pañuelo rojo al cuello.</p><p>Para dos noches fuera no hace falta maleta. En la <strong>bolsa de muda</strong> caben el pijama, la ropa de recambio y los calcetines, y vacía apenas ocupa nada.</p><ul><li><strong>Interior que repele los líquidos</strong>: el cepillo de dientes húmedo o el bañador de la piscina de los abuelos no mojan lo demás.</li><li><strong>Cordón ajustable</strong> que la cierra y sirve para colgarla en la percha del cuarto de invitados.</li><li><strong>Tres medidas</strong>: la chupetera para lo pequeño, la de almuerzo para el bocadillo del viaje y la grande para la ropa.</li></ul><p>Para que los abuelos no confundan la de un nieto con la de otro, borda su nombre dentro de una nube de tela, marrón o rosa.</p>"
"310";"Bolsa impermeable Pocahontas";"<p>Bolsa de tela impermeable Pocahontas, con una niña de melena negra y vestido de flecos sobre un estampado geométrico, para la piscina y el cole. El collar turquesa, las mejillas sonrosadas y los pies descalzos destacan sobre un fondo de rombos y zigzags en turquesa, coral y crema.</p><p>Es la bolsa del cursillo de natación: el <strong>bañador húmedo y la toalla pequeña</strong> vuelven en la medida grande sin gotear en el coche, porque el <strong>engomado interior</strong> retiene el agua. Se seca en un rato y al día siguiente vuelve a la piscina. Entre semana hace de bolsa de muda para la guardería, y la medida de almuerzo lleva la merienda de después.</p><p>Con el nombre bordado dentro de una nube de tela, marrón o rosa, no se queda olvidada en el vestuario ni se confunde con la de otra niña.</p>"
"311";"Bolsa guardería impermeable Monstruos de Colores";"<p>Monstruos de Colores en una bolsa de guardería impermeable: una montaña de bichos peludos de colores para que la muda o el almuerzo lleguen secos. Naranjas, azules, rosas y verdes, con uno, dos o cinco ojos, se apilan sobre un fondo gris claro como en la portada de un cuento.</p><p>Si en casa o en clase se trabaja el cuento de las emociones, esta lámina la reconocen al instante: cada color es un estado de ánimo, y aquí están todos juntos y de buen humor.</p><p>¿La muda, el almuerzo o el chupete? Cada cosa en su medida: la <strong>chupetera</strong> para el chupete y los pequeños tesoros, la de <strong>almuerzo</strong> para el bocadillo y la fruta, y la de <strong>muda</strong> para la ropa de recambio. Por dentro llevan el engomado que repele los líquidos, y por fuera se cierran con un cordón ajustable.</p><p>Las confeccionamos en Barcelona y, si lo pides, bordamos el nombre dentro de una nube de tela marrón o rosa.</p>"
"312";"Bolsa guardería impermeable Lemur";"<p>Lemur, un lémur de cola anillada y ojos naranjas, en una bolsa impermeable para la guardería que guarda el chupete, el almuerzo o la ropa de recambio. Sentado sobre un fondo gris azulado, con las orejas blancas bien abiertas y la cola enroscada a un lado, mira de frente a quien abre la mochila.</p><p>En la medida pequeña, la <strong>chupetera</strong>, caben el chupete, el mordedor y esos tesoros que aparecen en los bolsillos al final del día: una piedra, un cromo, una piña del patio. Como el <strong>interior es impermeable</strong>, también aguanta la esponja mojada o la fruta reblandecida sin manchar el resto de la mochila.</p><p>Las medidas mediana y grande siguen el mismo diseño para la merienda y la muda, y el nombre se borda dentro de una nube de tela, marrón o rosa, para que el lémur vuelva siempre con su dueño.</p>"
"313";"Bolsa guardería impermeable Arca de Noé";"<p>Saco impermeable Arca de Noé con el león, la cebra, la jirafa y el elefante esperando delante del barco, un regalo de inicio de curso para la guardería. La lámina reúne a media selva en fila sobre el muelle: el hipopótamo, los zorritos, un gatito blanco, un loro verde y dos gaviotas sobre la proa de madera.</p><h3>Todos a bordo el primer día</h3><p>El primer día de escuela infantil pide una bolsa que se reconozca desde lejos, y esta se distingue entre veinte perchas. Dentro caben la <strong>muda completa</strong> en la medida grande, el <strong>almuerzo</strong> en la mediana y el chupete en la chupetera. El engomado interior evita que un vaso mal cerrado empape la ropa.</p><p>Como regalo, pídela con el nombre bordado dentro de una nube de tela, en marrón o en rosa: llega lista para estrenar.</p>"
"314";"Bolsa guardería impermeable Astrid";"<p>Bolsa de tela impermeable Astrid, con una niña de sudadera gris en su bici rosa y un osito amarillo corriendo detrás, para la muda del cole con su nombre. La lámina tiene luz de atardecer en una calle con luces rosas y azules, la cesta en el manillar y la melena rubia al viento.</p><p>En la percha de clase hay diez bolsas parecidas y todas vuelven a casa a la misma hora. El <strong>nombre bordado dentro de una nube de tela</strong>, marrón o rosa, la hace inconfundible sin tener que abrirla.</p><p>Por dentro lleva <strong>engomado impermeable</strong>: si la ropa vuelve húmeda del accidente de la siesta, la mochila y el abrigo se quedan secos. El cordón ajustable la cierra y la cuelga.</p><p>Está en tres medidas, chupetera, almuerzo y muda, con la misma niña en bici en las tres, para completar el juego cuando haga falta.</p>"
"315";"Bolsa guardería impermeable Husky";"<p>Bolsa impermeable Husky, con un cachorro de ojos azules sentado en la nieve bajo la luna llena, para el almuerzo y la muda de la guardería y el cole. La lámina es un paisaje de invierno con pinos nevados, una montaña al fondo y el cielo rosa del anochecer; el perrito saca la lengua y mira de frente.</p><p>En la <strong>medida de almuerzo</strong> el bocadillo, la fruta y la botella viajan juntos y no ruedan sueltos por la mochila.</p><ul><li><strong>Interior engomado</strong>: una mandarina pelada o un yogur abierto no manchan los libros.</li><li><strong>Cordón ajustable</strong> que cierra la bolsa y la cuelga de la percha o del carrito.</li><li><strong>Se seca rápido</strong>: se aclara por la noche y por la mañana está lista.</li></ul><p>La grande hace de bolsa de muda y la chupetera guarda el chupete, y en cualquiera de las tres el nombre se borda dentro de una nube de tela, marrón o rosa.</p>"
"316";"Bolsa guardería impermeable Copito de Nieve";"<p>Bolsa impermeable Copito de Nieve, con el gorila blanco de Barcelona trepando por las torres de la Sagrada Família, para la muda y el almuerzo. Sobre el cielo azul de la ciudad, el gorila albino se agarra a la piedra labrada con el pelaje al sol y una mueca tranquila, como si estuviera en su casa.</p><p>Es el saco más barcelonés del catálogo: el personaje vivió en el zoo de la ciudad y la bolsa se corta y se cose en nuestro taller, también en Barcelona.</p><p>Por dentro lleva un <strong>engomado que repele los líquidos</strong>, de modo que la ropa mojada de la muda o la botella que gotea no traspasan. Pesa muy poco y el <strong>cordón ajustable</strong> la cierra y la cuelga de la percha.</p><p>Chupetera, almuerzo o muda, la que elijas lleva el nombre bordado dentro de una nube de tela marrón o rosa, para que el gorila vuelva siempre a casa.</p>"
"317";"Bolsa guardería impermeable Oso Peluche";"<p>Oso Peluche: un osito color melocotón sobre un fondo del mismo tono, en un saco impermeable que vale de regalo de nacimiento y después para la guardería. Sin más adorno que las orejas redondas, el hocico blanco y la sonrisa, la lámina es suave a la vista y funciona igual para niño y para niña.</p><p>Para la canastilla, la <strong>chupetera</strong> guarda el chupete y el mordedor. Luego crece con el bebé: la medida de almuerzo para los primeros potitos y la grande para los <strong>pañales y la ropa de recambio</strong> del primer curso. El interior engomado impide que un pañal húmedo o un biberón mal cerrado mojen lo demás.</p><p>Pídelo con el nombre bordado dentro de una nube de tela, marrón o rosa, y el regalo ya lleva firma.</p>"
"318";"Bolsa guardería impermeable Cervatillo";"<p>Bolsa de tela impermeable Cervatillo, con un cervato de manchas blancas y ojos verdes en un bosque en flor, para el chupete, la merienda o la muda. Detrás asoman una cabaña de madera, una cascada y un prado de flores lila, y él viene de frente con las orejas rosadas levantadas.</p><p>El <strong>cordón ajustable</strong> hace dos cosas: cierra la bolsa y sirve de asa para colgarla del carrito de camino a la escuela infantil, y luego de la percha de clase.</p><p>El <strong>engomado interior</strong> retiene los líquidos: la muda del accidente vuelve a casa sin mojar el carrito, y el vaso de aprendizaje que gotea no empapa el resto.</p><p>Está en tres medidas, y para que el cervatillo no se cambie de percha, el nombre va bordado dentro de una nube de tela, marrón o rosa, la que mejor le vaya.</p>"
"319";"Bolsa guardería impermeable Hada";"<p>Hada de vestido de hojas y alas transparentes bailando de puntillas entre flores: saco impermeable para la muda y el almuerzo, de la guardería a primaria. Sobre un fondo turquesa con destellos dorados, lleva el pelo castaño recogido en un moño y va descalza, con una cinta atada al tobillo.</p><p>Sirve de los cero a los doce años, así que la bolsa de muda de P3 puede acabar llevando el bocadillo de primaria. La <strong>microfibra impermeabilizada</strong> aguanta cursos enteros de uso diario, y el <strong>cierre de cordón</strong> no tiene cremallera que se atasque. La cosemos en nuestro taller de Barcelona con la lámina impresa en una cara.</p><p>Con el nombre bordado dentro de una nube de tela, marrón o rosa, seguirá siendo suya aunque en clase haya otra hada.</p>"
"320";"Bolsa guardería impermeable Pirata";"<p>Bolsa impermeable Pirata, con un capitán de sombrero de calavera y un loro en el brazo, para los juguetes y la merienda de la playa o la muda del cole. Al fondo, un galeón de velas blancas y una isla con palmeras; él lleva casaca verde, cinturón rojo y una sonrisa de dientes de leche.</p><p>En la arena vale para todo: los cubos pequeños y las palas en la grande, el bocadillo en la de almuerzo, y a la vuelta el bañador mojado.</p><ul><li><strong>Interior engomado</strong> que retiene el agua del bañador y la arena húmeda hasta llegar a casa.</li><li><strong>Cordón ajustable</strong> para cerrarla de un tirón y colgarla del carrito.</li><li><strong>Seca rápido</strong>: un aclarado y al día siguiente vuelve al cole como bolsa de muda.</li></ul><p>El nombre del pirata se borda dentro de una nube de tela, marrón o rosa, y en la percha no hay abordajes.</p>"
"321";"Bolsa guardería impermeable Disfraz Dino";"<p>Disfraz Dino: un niño metido en un disfraz de dinosaurio turquesa con la boca llena de dientes, en una bolsa impermeable para la muda y el almuerzo. Está en su habitación de pared a rayas azules, con la mochila puesta, la barriga verde del disfraz y torres de libros de colores en el suelo.</p><p>Es la bolsa de todos los días, y por eso lo que importa es que se recupere de un día para otro: la <strong>microfibra seca rápido</strong>, y un aclarado por la noche la deja lista para la mochila de la mañana.</p><p>El <strong>engomado interior</strong> retiene lo que se derrama, y el cordón ajustable la cierra de un tirón. En la medida grande cabe la muda completa; en la de almuerzo, el bocadillo y la fruta; la chupetera guarda lo pequeño.</p><p>El nombre se borda dentro de una nube de tela, marrón o rosa, para que el dinosaurio vuelva con su dueño y no con el compañero que también quiere uno.</p>"
"322";"Bolsa guardería impermeable Bella";"<p>Saco de tela impermeable Bella, con una princesa de vestido blanco y dorado y una rosa amarilla en un salón de candelabros, para la muda o el almuerzo. El suelo violeta está sembrado de rosas y pétalos que caen, y ella gira con la falda abierta y el pelo castaño recogido a un lado.</p><p>Aquí la <strong>nube rosa</strong> con el nombre queda a juego con la lámina, aunque también la hay en marrón para quien prefiera el contraste. El nombre lo bordamos en nuestro taller de Barcelona dentro de esa nube de tela.</p><p>Por dentro, el <strong>engomado impermeable</strong> mantiene secos los cuadernos aunque la muda vuelva mojada, y el cordón ajustable la cierra y la cuelga. Está en tres medidas: la chupetera para lo pequeño, la de almuerzo para el bocadillo y la fruta, y la grande para la ropa de recambio entera.</p>"
"323";"Bolsa guardería impermeable Tyrannosaurus Rex";"<p>Bolsa impermeable Tyrannosaurus Rex, con un tiranosaurio verde entre palmeras y un volcán en erupción al fondo, para la muda y el almuerzo del cole. La lámina es pura acción: el río de lava naranja, un pterosaurio en el cielo, barriles de madera por el camino y el dinosaurio a la carrera con la boca abierta.</p><p>¿Cabe una muda entera? En la <strong>medida grande</strong> caben la sudadera, el pantalón, los calcetines y unas zapatillas. La mediana lleva el bocadillo con la fruta y la botella, y la chupetera es para el chupete y poco más.</p><ul><li><strong>Interior engomado</strong>: la ropa mojada del accidente no traspasa a la mochila.</li><li><strong>Muy ligera</strong>: la bolsa no suma casi nada al peso de la mochila.</li><li><strong>Cordón ajustable</strong> para cerrarla y colgarla de la percha.</li></ul><p>Y para que ningún otro niño se lo lleve por error, su nombre bordado en una nube de tela marrón o rosa.</p>"
"324";"Bolsa guardería impermeable El Sombrerero";"<p>Bolsa impermeable El Sombrerero, con un niño de pelo afro y sombrero de copa a rayas en un jardín de setas rojas, para la merienda y la muda del cole. Lleva chaqueta azul con pajarita naranja y abre los brazos ante un paisaje de cuento, con una niña de vestido azul, un conejo de orejas rosas y un gato entre las setas.</p><h3>La hora de la merienda</h3><p>En la <strong>medida de almuerzo</strong> caben el bocadillo, la fruta y la botella, y el <strong>engomado interior</strong> evita que el zumo abierto a medias llegue a la mochila. Es ligera, se cierra con un cordón ajustable y se cuelga de la percha o del carrito.</p><p>Si la fiesta del té termina en mancha, la grande hace de bolsa de muda, y la chupetera guarda el chupete. Sea cual sea la medida, el nombre va bordado dentro de una nube de tela marrón o rosa.</p>"
"325";"Bolsa impermeable guardería Aqua";"<p>Bolsa impermeable Aqua, con un chico de armadura de escamas doradas y tridente en el fondo del mar, para llevar la muda o el almuerzo sin mojar nada. Peces plateados y azules nadan a su alrededor entre algas, y él sonríe de frente con el pelo oscuro peinado hacia atrás y una rodilla en la arena.</p><p>Con un héroe submarino tenía que ir bien el agua. El <strong>engomado interior</strong> repele los líquidos, así que la botella que gotea, el bañador de la piscina o el pantalón mojado se quedan dentro y la mochila sigue seca. Después se aclara y <strong>seca en un rato</strong>.</p><p>La cosemos en Barcelona en tres medidas, chupetera, almuerzo y muda, y si la quieres con nombre, lo bordamos dentro de una nube de tela, marrón o rosa a tu gusto.</p>"
"326";"Bolsa impermeable Power Dino";"<p>Power Dino, un niño con casco de dientes de dinosaurio y capa roja junto a un tiranosaurio verde, en un saco impermeable para la muda y el almuerzo. Es una noche de luna llena entre palmeras: él posa con el traje rojo y azul y las manos en la cintura, y el dino abre la boca a su lado como si rugiera con él.</p><p>Si en casa hay dos, esta lámina y la del Tyrannosaurus Rex forman pareja: mismo tamaño, mismo tejido y un dinosaurio en cada una, para que cada hermano tenga la suya y no haya discusión.</p><p>El <strong>interior engomado</strong> retiene los líquidos y la ropa húmeda no traspasa; la <strong>microfibra ligera</strong> no añade peso a una mochila que ya va llena. Se cierra con un cordón ajustable.</p><p>Y para zanjar de verdad la discusión, cada nombre bordado dentro de su nube de tela, marrón o rosa.</p>"
"327";"Bolsa impermeable guardería Peter";"<p>Bolsa de tela impermeable Peter, con un chico de túnica verde y gorro con pluma corriendo por un embarcadero, para que lleve solo su almuerzo o su muda. Detrás, un barco de velas blancas, un ratoncito gris que vuela a su lado y un osito sentado en la madera, sobre un cielo azul de dibujo.</p><p>El <strong>cierre de cordón ajustable</strong> se abre y se cierra con un tirón, sin cremalleras ni hebillas, y eso lo hacen solos desde muy pequeños. Y como pesa muy poco, puede llevarla él mismo hasta la percha y colgarla del cordón.</p><p>Por dentro, el <strong>engomado impermeable</strong> protege el resto de la mochila si el almuerzo se abre o la ropa vuelve mojada. Se confecciona en nuestro taller de Barcelona en tres medidas, chupetera, almuerzo y muda, y el nombre se borda dentro de una nube de tela, marrón o rosa.</p>"
"328";"Babero microfibra impermeable Stegosaurus";"<p>Babero impermeable Stegosaurus con un dinosaurio turquesa de placas naranjas bajo un cielo violeta, para que el puré no llegue a la camiseta. El estegosaurio está dibujado en 3D, con ojos grandes y la cola levantada, sobre un desierto rosado con estrellas, y el <strong>ribete negro</strong> enmarca la escena.</p><ul><li><strong>Microfibra con engomado</strong> por dentro: el yogur y el zumo se quedan encima y se quitan con un paño.</li><li><strong>Seca en minutos</strong>: se aclara bajo el grifo, se escurre y está listo antes de la merienda.</li><li><strong>Cierre ajustable</strong> en el cuello, de 0 a 6 años.</li></ul><p>Es el babero de los fans de los dinosaurios que ya saben decir «estegosaurio» con la boca llena. Si lo quieres con su nombre, va bordado dentro de una nube de tela, marrón o rosa.</p>"
"329";"Babero microfibra impermeable Sakura";"<p>Babero microfibra impermeable Sakura, con una niña de kimono rosa y una flor de cerezo en el pelo, para las comidas de bebés y niños de 0 a 6 años. La ilustración es en 3D, con el pelo largo y oscuro, ojos grandes y un fondo de ramas de cerezo en flor desenfocadas, todo en rosa; el <strong>ribete negro</strong> lo enmarca. Hace juego con la bolsa y la bata Sakura de la tienda.</p><p>La <strong>microfibra impermeable</strong> lleva un engomado interior: la papilla resbala y no traspasa, y la tela se nota suave y fresca en el cuello.</p><p>Al acabar, un agua bajo el grifo y a colgar. Antes de que termine la siesta está seco para la merienda, así que con uno se sale adelante todo el día.</p><p>Lo confeccionamos en Barcelona y podemos bordarle el nombre dentro de una nube de tela, marrón o rosa, para que no se cambie de trona en la guardería.</p>"
"330";"Babero microfibra impermeable Princesa";"<p>Babero impermeable Princesa: una princesa de melena cobriza y tiara delante de un castillo rosa, para que la papilla no llegue al vestido de domingo. El cielo es lila con dos pájaros, el vestido rosa, y el <strong>ribete negro</strong> remata el borde del babero.</p><ul><li><strong>Engomado interior</strong> que repele el puré, el zumo y la pintura de dedos: nada traspasa a la ropa.</li><li><strong>Listo en minutos</strong>: se enjuaga bajo el grifo, se escurre y se cuelga.</li><li><strong>Ligero y suave</strong>, se lleva enrollado en el bolso del cambiador.</li></ul><p>El cierre del cuello se ajusta, así que sirve de bebé y sigue sirviendo en la guardería, hasta los seis años.</p><p>Si lo quieres con nombre, lo bordamos dentro de una nube de tela, marrón o rosa, como una princesa con su propio escudo.</p>"
"331";"Babero microfibra impermeable Thor";"<p>Babero impermeable Thor para bebé, con un pequeño guerrero rubio de capa roja y martillo, para comer y pintar con las manos sin miedo a las manchas. Detrás asoma un guerrero mayor de barba gris y armadura, y el fondo crema deja que los dos destaquen. El <strong>ribete negro</strong> enmarca el conjunto.</p><p>La tela es <strong>microfibra con engomado interior</strong>: el puré de lentejas y el zumo se quedan en la superficie. Cuando termina, se pasa por el grifo, se escurre y en minutos está seco, así que con uno solo se cubre la comida y la merienda.</p><p>Pesa muy poco, no da calor en la nuca y el cierre del cuello se ajusta a medida que crece, de 0 a 6 años.</p><p>Para que el martillo no se lo lleve otro niño en la guardería, pídelo con el <strong>nombre bordado</strong> dentro de una nube de tela, marrón o rosa.</p>"
"332";"Babero microfibra impermeable Patrulla";"<p>Babero impermeable Patrulla con tres cachorros policía de gorra y placa sobre fondo turquesa, para las comidas de la guardería y las tardes de pintura. El perro que va delante lleva uniforme y gorra oscura; detrás, uno con gorra roja y otro con gorra azul. <strong>Ribete negro</strong> alrededor.</p><ul><li><strong>No se moja por dentro</strong>: el engomado de la microfibra frena el puré y el zumo antes de que lleguen a la camiseta.</li><li><strong>Se seca solo</strong>: un agua bajo el grifo, escurrir y colgar, y en minutos está listo.</li><li><strong>Sin BPA</strong>, por si lo muerde mientras espera el siguiente plato.</li></ul><p>El cierre del cuello se ajusta y le sirve de los cero a los seis años, de la trona a la mesa del cole.</p><p>Con el nombre bordado dentro de una nube de tela, marrón o rosa, la patrulla sabe siempre a qué casillero volver.</p>"
"333";"Babero microfibra impermeable Peppa";"<p>Babero microfibra impermeable Peppa, con una cerdita rosa de rabito rizado sobre fondo turquesa, para las papillas y los purés de la guardería. La cerdita está dibujada en 3D, con un ojo grande de pestañas largas, mejillas coloradas y el hocico de frente, y el <strong>ribete negro</strong> enmarca el azul.</p><p>Es un babero para el bolso del cambiador: <strong>ligero</strong>, se enrolla y ocupa lo que un pañal. Cuando hace falta, la microfibra impermeable hace su trabajo y el puré se queda encima sin traspasar.</p><p>Después, un agua bajo el grifo, se escurre y se cuelga: cuando el peque despierta de la siesta ya está seco para la merienda. Cierre ajustable en el cuello, para bebés y para niños de hasta seis años.</p><p>Lo cosemos en nuestro taller de Barcelona, y con el nombre bordado dentro de una nube de tela, marrón o rosa, es un regalo de nacimiento que se estrena en la primera cucharada.</p>"
"334";"Babero microfibra impermeable Tres Cerditos";"<p>Babero impermeable Tres Cerditos con los tres hermanos delante de sus casitas, para bebés y niños de 0 a 6 años, con el nombre bordado en una nube. Los cerditos, en 3D, posan en una calle empedrada con casitas de tejados rojizos al fondo, uno de ellos en peto azul, bajo un cielo con nubes; el <strong>ribete negro</strong> enmarca el cuento.</p><ul><li><strong>Microfibra impermeabilizada</strong>: el engomado interior repele el puré y el agua del vaso.</li><li><strong>Un agua y a colgar</strong>: se escurre y en minutos vuelve a estar seco para la siguiente comida.</li><li><strong>Cierre ajustable</strong> en el cuello, del bebé al niño que ya come solo.</li></ul><p>La nube de tela del nombre puede ser marrón o rosa, a elegir, para que el babero del cuento no acabe en la casa equivocada. El bordado es opcional: sin él, el babero llega tal y como se ve.</p>"
"335";"Babero microfibra impermeable Vaca Lola";"<p>La Vaca Lola llega a la hora del primer puré: babero de microfibra impermeable para bebés y niños de 0 a 6 años, con el nombre bordado dentro de una nube. En la lámina, la vaca blanca y negra posa con su cencerro dorado delante del granero de madera, rodeada de la gallina, el cerdito rosa y un pato azul; el borde negro enmarca la escena.</p><p>Las primeras cucharadas acaban en cualquier sitio menos en la boca. El <strong>engomado interior</strong> frena la papilla de zanahoria antes de que llegue al body, y el tejido <strong>seca en minutos</strong>: un agua bajo el grifo y está listo para la merienda.</p><p>El <strong>velcro ajustable</strong> del cuello se cierra en un segundo aunque el bebé ya esté girando la cabeza hacia la cuchara.</p><p>Con el nombre bordado en la nube, marrón o rosa a elegir, la Vaca Lola vuelve siempre de la guardería a su casa.</p>"
"336";"Babero microfibra impermeable Granja";"<p>Babero de la Granja para los días de guardería, de microfibra impermeable y secado rápido, con velcro ajustable y nube para bordar el nombre. El granero rojo con su molino, el caballo marrón, el gallo y las gallinas blancas ocupan toda la lámina bajo un cielo azul, sobre el fondo negro del babero, con una vaca y un cerdito asomando entre la hierba.</p><p>Si la escuela infantil pide dos baberos en la mochila, este es de los que no dan trabajo:</p><ul><li><strong>Se escurre y seca en un rato</strong>: la educadora lo pasa por el grifo y a media tarde vuelve a estar seco.</li><li><strong>Repele los líquidos</strong> por dentro, así que el zumo no atraviesa hasta la camiseta.</li><li><strong>Pesa muy poco</strong> y va enrollado en cualquier hueco de la mochila.</li></ul><p>Pide el nombre bordado dentro de la nube, marrón o rosa, y en la fila de baberos colgados del comedor el suyo se distingue sin leer etiquetas.</p>"
"337";"Babero microfibra impermeable Patito Feo";"<p>El Patito Feo acompaña a tu bebé a comer en casa de los abuelos con este babero de microfibra impermeable, ligero y con el nombre bordado en una nube. El pato blanco de pico naranja abre las alas contento en un prado de margaritas, con sus tres patitos alrededor y un cielo celeste de fondo.</p><p>Para comer fuera de casa cuenta lo que pesa y lo que tarda en secarse. Pesa casi nada, cabe <strong>enrollado en el bolso</strong> y, si el arroz de la abuela acaba encima, se pasa por el grifo y en unos minutos vuelve a estar listo. El <strong>interior engomado</strong> evita que el caldo llegue a la ropa.</p><p>El <strong>velcro ajustable</strong> cierra igual en un bebé de seis meses que en un peque de cinco años. Lo confeccionamos en nuestro taller de Barcelona y, si lo quieres con nombre, lo bordamos dentro de la nube marrón o rosa.</p>"
"338";"Babero microfibra impermeable Lorito";"<p>Babero Lorito de microfibra impermeable para llevar en el bolso del cambiador, con secado rápido, velcro ajustable y el nombre bordado opcional. Un loro verde de cresta despeinada abraza a un guacamayo rojo, con palmeras y dos gaviotas al fondo sobre un azul intenso que cubre toda la lámina hasta el borde negro.</p><h3>Siempre en el bolso</h3><p>Pesa tan poco que se lleva <strong>enrollado</strong> junto a las toallitas sin abultar. Cuando toca comer en el parque o en un restaurante, se desenrolla, se ajusta con el <strong>velcro</strong> y ya está. Si acaba con yogur, un agua bajo el grifo y en unos minutos está seco para volver al bolso.</p><p>Por dentro lleva un <strong>engomado que repele los líquidos</strong>, así que la camiseta de debajo se salva.</p><p>En este modelo el nombre se borda directamente sobre la tela del babero, para que el Lorito vuelva de la guardería con quien tiene que volver.</p>"
"339";"Babero microfibra impermeable Dragón";"<p>Babero de secado rápido con un dragón verde de alas rojas, pensado para la papilla, la pintura de dedos y la plastilina, con nube para el nombre bordado. El dragón levanta las alas naranjas y rojas sobre un fondo lila, con cuernos, cresta y una cola con punta de flecha, enmarcado por el borde negro del babero.</p><p>Sirve para comer, pero donde más se luce es en la mesa de manualidades. La microfibra <strong>impermeable</strong> frena la témpera antes de que llegue a la camiseta, y los restos de plastilina se van con un agua bajo el grifo; <strong>en unos minutos está seco</strong> para la siguiente sesión.</p><p>El <strong>velcro ajustable</strong> del cuello se abre con una mano cuando el artista se cansa y quiere bajarse de la trona.</p><p>Con el nombre dentro de la nube, marrón o rosa, en la clase de plástica nadie se lleva el dragón equivocado.</p>"
"340";"Babero microfibra impermeable Gigantosaurus";"<p>Gigantosaurus se sienta a la mesa con este babero de microfibra impermeable: un dinosaurio de tres cuernos devorando un plátano, con nube para el nombre. Es azul, con la cresta y los cuernos color crema, y a su lado un dino pequeño mira con la boca abierta junto a una cesta de piñas, todo sobre un fondo turquesa que llena la lámina hasta el ribete negro.</p><p>Come como un dinosaurio: mucho, deprisa y sin mirar dónde cae. Por eso este babero:</p><ul><li><strong>Repele los líquidos</strong> por dentro gracias al engomado, y el puré no traspasa.</li><li><strong>Se seca en minutos</strong> después de un agua bajo el grifo, sin esperar a la colada.</li><li><strong>Se ajusta con velcro</strong> al cuello, de los primeros purés hasta los seis años.</li></ul><p>Cosido en nuestro taller de Barcelona. Si quieres que lleve el nombre, va bordado dentro de una nube de tela, marrón o rosa, para que en la guardería no lo confundan con el de otro dinosaurio.</p>"
"341";"Babero microfibra impermeable Pony";"<p>Una vaquera a lomos de un pony blanco de crin azul decora este babero de microfibra impermeable con velcro ajustable, del primer puré a los seis años. La niña, con sombrero naranja y melena castaña al viento, galopa sobre un fondo turquesa liso que hace destacar al pony y su cola azul.</p><p>El <strong>cierre de velcro</strong> no tiene una sola posición: se ajusta al cuello de un bebé de meses y sigue cerrando cuando ese bebé ya se sienta solo a la mesa. Es el mismo babero de la trona y del comedor del cole.</p><p>Por dentro, el <strong>engomado</strong> repele el agua y la sopa; por fuera, la microfibra <strong>seca en minutos</strong> y pesa muy poco.</p><p>El nombre, bordado dentro de una nube marrón o rosa, viaja con el pony durante todos esos años.</p>"
"342";"Babero microfibra impermeable Barcelona";"<p>Babero Barcelona de microfibra impermeable con un pequeño futbolista de camiseta azulgrana, para el primer cumpleaños de un futuro delantero. El niño, de pelo castaño revuelto, chuta el balón en pleno salto con botas turquesa, con las torres de luz del estadio detrás, sobre el babero negro con su borde a juego.</p><h3>Un regalo que se usa cada día</h3><p>El primer cumpleaños llena la casa de juguetes que duran una tarde. Un babero con su nombre se usa tres veces al día durante años: el <strong>velcro ajustable</strong> acompaña el cuello hasta los seis, y la microfibra <strong>impermeable</strong> aguanta purés, zumos y la tarta de la fiesta.</p><p>Se seca en un momento colgado del grifo y no ocupa nada en la mochila del partido.</p><p>Lo cortamos y cosemos en Barcelona, como corresponde, y el nombre va bordado dentro de una nube, marrón o rosa a elegir.</p>"
"343";"Babero microfibra impermeable Princesa Amira";"<p>Para las primeras cucharadas de la Princesa Amira: babero de microfibra impermeable con velcro ajustable y el nombre bordado dentro de una nube. La princesa, de melena negra y tocado turquesa con tiara dorada, abre los brazos sonriendo entre farolillos colgantes de cristal azul, con un fondo turquesa y un ribete negro alrededor.</p><p>El primer puré es un experimento: la mitad se come y la otra mitad se investiga con las manos. La microfibra <strong>impermeable</strong> con engomado interior evita que la investigación llegue a la ropa, y como <strong>seca en minutos</strong>, el babero de la comida vuelve a estar listo para la cena.</p><p>Ligero y suave, no pesa en un cuello de pocos meses, y el <strong>velcro</strong> se ajusta a la medida justa.</p><p>Con el nombre bordado en la nube marrón o rosa, queda el babero de las primeras fotos con la cuchara.</p>"
"344";"Babero microfibra impermeable Surf";"<p>Babero Surf de microfibra impermeable para las comidas de vacaciones, ligero, de secado rápido y con el nombre bordado dentro de una nube. Una surfista de melena castaña se desliza sobre una ola turquesa en su tabla rosa, con palmeras y un cielo de atardecer de fondo, y el borde negro del babero remata la escena.</p><p>En el chiringuito, en la terraza o en casa de los tíos, este es el babero que va en la bolsa de la playa:</p><ul><li><strong>Enrollado no abulta</strong> y pesa muy poco.</li><li><strong>Impermeable por dentro</strong>: el gazpacho y la sandía se quedan en la cara de fuera.</li><li><strong>Seco en minutos</strong> tras un agua bajo el grifo del bar, listo para el helado.</li></ul><p>El <strong>velcro ajustable</strong> del cuello se cierra rápido aunque el bebé ya quiera volver a la arena. Con el nombre bordado en la nube, marrón o rosa, no se queda olvidado en la sombrilla de al lado.</p>"
"345";"Babero microfibra impermeable Monstruo de Colores";"<p>El Monstruo de Colores y toda su pandilla llegan a la hora de comer y de pintar en este babero de microfibra impermeable con nube para bordar el nombre. Monstruos turquesa, naranjas, lilas y verdes, de uno y de tres ojos, se apretujan sonriendo sobre un fondo gris claro; el más grande, azul y peludo, preside el grupo.</p><p>Tantos colores tienen sentido en la mesa de pintura de dedos y plastilina: la témpera cae sobre la microfibra <strong>impermeable</strong>, no sobre la camiseta, y las manchas nuevas se confunden con el estampado hasta que llega el agua del grifo.</p><p>En unos minutos está seco, así que el mismo babero sirve para pintar por la mañana y para el yogur de la tarde. El <strong>velcro ajustable</strong> aguanta los tirones de un artista con prisa.</p><p>Con el nombre bordado dentro de la <strong>nube</strong> marrón o rosa, cada monstruo vuelve con su dueño después del taller de plástica.</p>"
"346";"Babero microfibra impermeable Anna";"<p>Anna, con su capa rosa delante de un castillo de hielo, protagoniza este babero de microfibra impermeable con velcro ajustable y nube para el nombre. La lámina es nocturna: fondo negro con copos de nieve, torres heladas iluminadas en azul y la princesa de melena castaña sonriendo en primer plano.</p><h3>Para un cumpleaños de invierno</h3><p>Un primer cumpleaños en pleno invierno pide un regalo que se use desde el día siguiente. Con el nombre bordado, este babero sirve para la papilla de hoy y para la merienda del cole de dentro de tres años, porque el <strong>velcro</strong> se ajusta hasta los seis.</p><p>Por dentro lleva un <strong>engomado que repele los líquidos</strong>, y la microfibra <strong>seca en minutos</strong>: lo enjuagas y antes de la siesta está listo.</p><p>El nombre va dentro de una nube de tela, marrón o rosa, a elegir al hacer el pedido.</p>"
"347";"Babero microfibra impermeable Astrid";"<p>Astrid pedalea en su bici rosa por este babero de microfibra impermeable, de secado rápido, con velcro ajustable y el nombre bordado dentro de una nube. La niña rubia, con la capucha gris puesta y la melena al aire, va montada en una bicicleta rosa con cesta sobre un fondo gris perla.</p><p>En la mochila de la escuela infantil suelen ir dos baberos, uno para el mediodía y otro para la merienda. Astrid puede ser cualquiera de los dos: la microfibra <strong>impermeable</strong> con <strong>engomado interior</strong> frena la leche y el puré antes de la camiseta, y el babero <strong>seca en minutos</strong> colgado del grifo.</p><p>Sale de nuestro taller de Barcelona, pesa poco y va enrollado en cualquier rincón de la mochila.</p><p>El nombre se borda dentro de una nube marrón o rosa: en el perchero del comedor se reconoce de un vistazo.</p>"
"348";"Babero microfibra impermeable Teddy";"<p>Teddy, un oso de peluche sentado en la nieve, es el babero de microfibra impermeable para regalar a un recién nacido con su nombre bordado en una nube. El osito marrón lleva una bufanda de cuadros azules y sonríe entre abetos nevados, con un globo aerostático de colores en el cielo turquesa y unos regalos a sus pies.</p><p>Un babero con nombre es de los pocos regalos de nacimiento que no se quedan pequeños en dos meses:</p><ul><li><strong>Velcro ajustable</strong> que cierra desde el cuello de un bebé de días hasta los seis años.</li><li><strong>Microfibra impermeable</strong> con engomado interior, para la leche que se escapa y los primeros purés.</li><li><strong>Secado en minutos</strong>: se enjuaga y vuelve al cambiador antes de la siguiente toma.</li></ul><p>Elige la nube marrón o la rosa para el bordado y el osito llegará ya con el nombre del bebé, listo para la foto de la primera papilla.</p>"
"349";"Babero microfibra impermeable Superhéroe";"<p>Babero Superhéroe de microfibra impermeable con un pequeño héroe de traje azul y capa naranja volando sobre la ciudad, con nube para el nombre bordado. El niño lleva antifaz azul, una T en el pecho y los puños cerrados, y detrás se encienden los rascacielos al anochecer; el borde negro cierra la escena.</p><p>El superpoder de este babero es el tiempo: después de la comida se pasa por el grifo, se escurre y <strong>seca en minutos</strong>, antes de que acabe la siesta. Nada de esperar al día siguiente.</p><p>Por dentro, el <strong>engomado repele los líquidos</strong>, así que la sopa se queda en la cara del héroe y no en la camiseta. El <strong>velcro ajustable</strong> se cierra y se abre con una mano.</p><p>Con el nombre bordado dentro de la nube marrón o rosa, el superhéroe siempre vuelve a su base.</p>"
"350";"Babero microfibra impermeable Zorro Tribal";"<p>El Zorro Tribal viaja enrollado en el bolso del cambiador: babero de microfibra impermeable, ligero, de secado rápido y con nube para el nombre bordado. El zorrito naranja, sentado con una cinta de plumas rojas y turquesas en la frente y collares de cuentas, mira de frente sobre un fondo terracota liso.</p><p>Es el babero de llevar encima, el que sale del bolso en el restaurante o en el parque:</p><ul><li><strong>Se enrolla</strong> y cabe en cualquier bolsillo del bolso sin abultar.</li><li><strong>Repele los líquidos</strong> por dentro, y la ropa de debajo llega limpia a casa.</li><li><strong>Se seca en minutos</strong> con un agua bajo el grifo de cualquier baño.</li></ul><p>Confeccionado en Barcelona, en nuestro propio taller, y con el nombre bordado dentro de una nube marrón o rosa para que nadie lo confunda con otro zorro.</p>"
"351";"Babero microfibra impermeable Camaleón";"<p>Un camaleón de ojos saltones se adapta a cualquier cuello: babero de microfibra impermeable con velcro ajustable, de 0 a 6 años, y nube para el nombre. El animal, de piel verde y turquesa con cresta rosa, se agarra a una rama seca frente a un cañón rojizo bajo un cielo azul de verano.</p><p>Como el camaleón, este babero cambia según quien lo lleve. El <strong>cierre de velcro</strong> tiene recorrido para el cuello de un bebé de meses y para el de un peque de cinco años que ya come solo, así que no hay que ir cambiando de talla.</p><p>La microfibra <strong>impermeable</strong> con engomado interior frena el puré, el zumo y la témpera, y <strong>seca en minutos</strong> después de pasarlo por el grifo. Pesa poco y se lleva enrollado.</p><p>El nombre va bordado dentro de una nube de tela, marrón o rosa: el mismo babero, y el mismo nombre, durante varios cursos.</p>"
"352";"Babero microfibra impermeable Golden";"<p>Un golden retriever tumbado junto a su pelota de tenis ilustra este babero de microfibra impermeable, pensado para comer fuera de casa sin llevar una muda. El perro, de pelo dorado y lengua fuera, posa sobre un suelo celeste con la pelota amarilla en primer plano y un fondo azul intenso hasta el ribete negro.</p><h3>El babero de la bolsa de salir</h3><p>En el restaurante no hay lavabo para el body manchado, pero sí grifo para el babero: la microfibra <strong>seca en minutos</strong> y el <strong>engomado interior</strong> repele los líquidos, así que la ropa de debajo llega limpia al postre. Enrollado, no ocupa casi nada.</p><p>El <strong>velcro ajustable</strong> permite ponerlo en la trona del bar en un segundo y quitarlo igual de rápido cuando el peque pide bajarse.</p><p>Con el nombre bordado dentro de la nube marrón o rosa, no se queda en la mesa de al lado.</p>"
"353";"Babero microfibra impermeable Cupcakes";"<p>Cupcakes de colores y una princesita con corona dorada, en un babero de microfibra impermeable para la merienda de cumpleaños y las del resto del año. La niña, de melena castaña y vestido turquesa, mira los pastelitos rosas y lilas bajo una guirnalda de banderines con corazones, sobre un fondo lila.</p><p>El primer cumpleaños termina con la cara y las manos dentro de la tarta, y ahí se agradece un babero que <strong>repele los líquidos</strong> por dentro y que, con un agua bajo el grifo, <strong>seca en minutos</strong> mientras dura la siesta de después de la fiesta.</p><p>Los otros 364 días sirve para el puré, la fruta y la pintura de dedos, con el <strong>velcro ajustable</strong> que crece con el cuello hasta los seis años.</p><p>Lo hacemos en nuestro taller de Barcelona y, si lo pides con nombre, lo bordamos dentro de una nube de tela, marrón o rosa.</p>"
"354";"Babero microfibra impermeable Gato";"<p>Un gato de pelo largo y oscuro, con ojos naranjas, mira desde este babero de microfibra impermeable, ligero y con nube para el nombre bordado. Está sentado, muy quieto y con cara de no haber roto nunca un plato, sobre un fondo rosa salmón degradado, con el pelaje esponjoso y la cola peluda ocupando casi toda la lámina y el ribete negro alrededor.</p><p>Como los gatos, este babero no soporta estar mojado mucho rato:</p><ul><li><strong>Engomado interior</strong> que repele la leche, el zumo y la sopa.</li><li><strong>Seco en minutos</strong>: se enjuaga, se escurre y cuelga del grifo hasta la siguiente comida.</li><li><strong>Ligero y suave</strong>, va enrollado en el bolso o en el cajón del cambiador.</li></ul><p>El <strong>velcro ajustable</strong> sirve del primer biberón con babero hasta el comedor de infantil. Y el nombre, bordado en una nube marrón o rosa, evita que el gato se vaya a otra casa.</p>"
"355";"Babero microfibra impermeable Hámster";"<p>La familia Hámster se asoma desde este babero de microfibra impermeable para la guardería, con velcro ajustable, secado rápido y nube para el nombre. Tres hámsteres naranjas y blancos posan en fila delante de una casita de madera con tejado rojo construida en un árbol, entre flores rosas y luz de tarde.</p><p>Para la escuela infantil hace falta un babero que aguante dos comidas con una siesta de por medio. Este <strong>seca en minutos</strong> colgado de un gancho, así que puede volver a usarse en la merienda, y el <strong>engomado interior</strong> frena el puré antes de que llegue al body.</p><p>Se enrolla y ocupa un rincón de la mochila junto a la ropa de recambio. Con tres hámsteres iguales en la lámina, el nombre bordado dentro de la <strong>nube</strong> marrón o rosa es lo que dice de quién es.</p>"
"356";"Babero microfibra impermeable Ballet";"<p>Una gata gris con tutú rosa baila en puntas por este babero de microfibra impermeable, pensado para los primeros purés, con nube para bordar el nombre. La bailarina levanta los brazos sobre un fondo rosa pálido que se funde con el tutú, y el borde negro del babero recorta la escena.</p><p>Los primeros purés son más coreografía que comida, y el babero tiene que estar a la altura:</p><ul><li><strong>Impermeable por dentro</strong>, para que la cucharada que resbala por la barbilla no llegue al body.</li><li><strong>Suave y ligero</strong>, no molesta en un cuello de pocos meses.</li><li><strong>Seca en minutos</strong> después de enjuagarlo, así que el de la comida sirve para la cena.</li></ul><p>El <strong>velcro ajustable</strong> seguirá cerrando cuando la bailarina tenga cinco años y coma sola. Lo cosemos en Barcelona, en nuestro taller, y bordamos el nombre dentro de una nube marrón o rosa si lo pides.</p>"
"357";"Babero microfibra impermeable Spider Girl";"<p>Spider Girl salta a la mesa de manualidades con este babero de microfibra impermeable, con velcro ajustable, secado rápido y nube para el nombre bordado. La heroína, agachada con capucha roja, chaqueta vaquera, guantes rojos y camiseta con una araña blanca, lanza su telaraña con la mano extendida sobre un fondo rosa liso.</p><p>La pintura de dedos y la plastilina manchan más que cualquier puré. La cara de fuera aguanta la témpera y el <strong>engomado interior</strong> evita que traspase a la ropa; después, un agua bajo el grifo y <strong>en unos minutos</strong> está seco para la comida.</p><p>El <strong>velcro</strong> del cuello se ajusta a la medida de cada edad, de la trona a la mesa de infantil.</p><p>Con el nombre bordado dentro de la nube marrón o rosa, Spider Girl no se pierde entre los baberos del taller de plástica.</p>"
"358";"Babero microfibra impermeable Circo";"<p>Para la hora de comer convertida en número de circo: babero de microfibra impermeable con un león domador, velcro ajustable y nube para el nombre bordado. El león de melena naranja lleva sombrero de copa y chaleco azul, posa sobre un pedestal rojo junto a un carromato de banderines, con un sol amarillo sobre fondo turquesa.</p><p>Cada comida tiene su función: la cuchara que vuela, el vaso que se vuelca, el yogur que acaba en la oreja. El <strong>engomado interior</strong> repele lo que cae y la microfibra <strong>seca en minutos</strong>, así que el león está listo para el siguiente pase.</p><p>El <strong>velcro ajustable</strong> del cuello vale para el bebé de la trona y para el peque de cinco años que ya reparte la merienda.</p><p>Nace en el taller de Barcelona donde bordamos también el nombre, dentro de una nube marrón o rosa, para que el domador vuelva siempre a su pista.</p>"
"360";"Camiseta Oversize de colección Ede Minmore Mikoshin Saga Broly - Episode 11";"<p>Camiseta oversize azul marino con Broly serigrafiado en el pecho, edición limitada del episodio 11 de la Mikoshin Saga, para los fans de Ede Minmore. Delante, un cartel enmarcado en blanco: Broly gritando en pleno estallido, con la melena verde y las descargas de energía, y debajo la palabra <strong>«Monster»</strong> en letras grandes, con «Edeminmore·YT» arriba.</p><p>En la espalda va el sello del <strong>Support Squad</strong> con el kanji «Certain Victory» (必勝), uno de los tres diseños de la colección que lo llevan. Corte oversize de hombros caídos, cuello de canalé con cinta de refuerzo y costuras laterales para que no se gire.</p><h3>Edición limitada</h3><p>Solo hay <strong>500 unidades numeradas</strong>, y cada una lleva cosido junto al bajo el parche «Hard Work Wins» con su número de serie. Algodón orgánico con certificado GOTS. Es merchandising oficial del artista 3D, y llevarla es una forma de apoyar su obra.</p>"
"361";"Colección Sudadera oversize con capucha edición limitada Broly Mikoshin Saga Episode 11 - Ede Minmore";"<p>Sudadera con capucha oversize azul marino con el cartel «Monster» de Broly, edición limitada del episodio 11 de la Mikoshin Saga de Ede Minmore. Es la pieza de abrigo de la colección: la misma ilustración que la camiseta, pero en felpa y con capucha para el invierno de convenciones y maratones de capítulos.</p><ul><li><strong>Capucha forrada</strong> con el mismo tejido principal, para que abrigue de verdad.</li><li><strong>Bolsillos laterales discretos</strong>, integrados en la costura, y canalé ancho en puños y bajo.</li><li><strong>Hombros caídos</strong> y cuerpo holgado, el patrón oversize de verdad.</li></ul><p>Por detrás, el emblema del Support Squad con el kanji «Certain Victory». Numerada del 1 al 500 en el parche «Hard Work Wins» cosido junto al bajo, en algodón orgánico certificado y con etiqueta vegana. Merch oficial del artista 3D.</p>"
"362";"Colección Sudadera oversize edición limitada Broly Mikoshin Saga Episode 11 - Ede Minmore";"<p>Sudadera oversize de cuello redondo con el cartel «Monster» de Broly, edición limitada del episodio 11 de la Mikoshin Saga de Ede Minmore, sin capucha. Azul marino, de hombros caídos y caída recta, con el cartel blanco y verde centrado en el pecho.</p><p>Es la versión sin capucha de la colección Broly: la misma ilustración, el <strong>kanji «Certain Victory» en la espalda</strong> y el parche cosido «Hard Work Wins» con el <strong>número de serie, del 1 al 500</strong>. Canalé en cuello, puños y bajo, doble pespunte en las costuras y tira cubrecosturas en espiga por dentro del cuello.</p><p>Si ya tienes la camiseta, es la pieza que te falta para los meses en que la manga corta no basta. Algodón orgánico con certificado GOTS y etiqueta vegana. Merchandising oficial del artista 3D.</p>"
"363";"Bolsa algodón Tote Bag Dragon Ball Mikoshin Saga: Broly -  Fan Art by Ede Minmore";"<p>Tote bag azul marino de algodón orgánico con el cartel «Monster» de Broly, fan art de Ede Minmore para el episodio 11 de la Mikoshin Saga. Mide <strong>40 × 40 cm</strong> y lleva <strong>fuelle en la base</strong>, así que se sostiene de pie y traga más de lo que parece: el portátil, los cómics o la compra del día.</p><p>La serigrafía va a tamaño grande en una cara: el marco blanco con «Edeminmore·YT» arriba, Broly rugiendo con la melena verde en medio y la palabra «Monster» abajo, con las referencias al episodio y a la saga en letra pequeña.</p><p>Las <strong>asas largas</strong> permiten llevarla al hombro con las manos libres, y el algodón con cuerpo aguanta el peso de varios libros sin deformarse. Certificado GOTS.</p><p>Es el complemento de la colección Broly para quien no quiere ponerse la camiseta todos los días pero sí llevar la saga encima. Merch oficial del artista, de edición limitada.</p>"
"364";"Cojín Dragon Ball Mikoshin Saga: Broly - Fan Art by Ede Minmore";"<p>Cojín cuadrado con la ilustración a todo color de Broly, fan art de Ede Minmore para el episodio 11 de la Mikoshin Saga, para el sofá o la silla de gaming. Aquí la imagen no va en blanco y negro: <strong>melena verde lima, grito abierto y descargas de energía</strong> en amarillo y verde sobre un fondo claro que se va al celeste.</p><p>Ocupa la cara entera del cojín, esquina a esquina, con el logo de la saga y el canal en la esquina inferior izquierda. La <strong>impresión en alta definición</strong> respeta las líneas del dibujo original sin bordes pixelados.</p><p>La cara impresa es de <strong>tacto suave</strong> y no se arruga, así que después de una siesta encima sigue viéndose igual. Combina con la alfombrilla de ratón del mismo episodio para montar el rincón de la saga entero. Merch oficial del artista 3D.</p>"
"365";"Alfombrilla de ratón Dragon Ball Mikoshin Saga: Broly - Fan Art by Ede Minmore";"<p>Alfombrilla de ratón con Broly y dos guerreros más de la Mikoshin Saga en turquesa sobre negro, fan art de Ede Minmore para el escritorio. Es del episodio 11, rectangular, con las esquinas redondeadas y el logo de la saga abajo a la izquierda.</p><p>La ilustración cambia de registro respecto al resto de la colección: aquí no hay verde lima ni grito en primer plano, sino <strong>tres figuras en turquesa</strong> que parecen iluminadas desde dentro, con Broly en el centro y los otros dos a los lados.</p><ul><li><strong>Base antideslizante</strong> que se queda clavada a la mesa aunque muevas el ratón con fuerza.</li><li><strong>Superficie suave</strong> de poliéster, con deslizamiento preciso para el sensor del ratón.</li><li><strong>Impresión a todo color</strong> en alta definición, con los detalles del trazo nítidos.</li></ul><p>La forma más discreta de tener la saga a la vista cada día. Merch oficial del artista 3D de la serie fan de Dragon Ball en YouTube.</p>"
"366";"Bolsa Tote Ede Minmore Bag Dragon Ball Mikoshin Saga: Ultra Ego";"<p>Tote bag cruda con la serigrafía en negro de Ultra Ego, fan art de Ede Minmore para el episodio 12 de la Mikoshin Saga, impresa por las dos caras. Poliéster reciclado con tacto de algodón y asas largas a tono.</p><p>El dibujo cambia de estilo respecto a la colección de Broly: aquí es <strong>tinta negra sobre fondo claro</strong>, a una sola tinta y con trazo de cómic. Dentro del marco, el guerrero aparece de pie en plena transformación, con el pelo erizado y la energía estallando a su alrededor en astillas y rayos. «Mikoshinsaga» arriba, <strong>«Ultraego» en letras gruesas</strong> abajo y el nombre del artista en la esquina inferior derecha.</p><p>Por ser <strong>serigrafía a doble cara</strong> no tiene delante ni detrás: se cuelga del hombro sin mirar cómo. Para la universidad, la oficina o la compra rápida.</p><p>Merch oficial del artista 3D, de tirada limitada, con el mismo cartel que llevan la camiseta y la sudadera del episodio 12.</p>"
"367";"Camiseta de colección Ede Minmore Dragon Ball Mikoshin Saga Ultra Ego - Episode 12";"<p>Camiseta unisex gris jaspeado de corte recto con el cartel de Ultra Ego en negro, la ilustración de Ede Minmore para el episodio 12 de la Mikoshin Saga. Después del oversize de Broly, para el capítulo 12 el corte vuelve al clásico: hombro en su sitio y largo normal.</p><p>La serigrafía es <strong>negro sobre gris</strong>, a una tinta: dentro del marco, el guerrero en plena transformación con el pelo erizado y la energía saltando en astillas, «Mikoshinsaga» encima y «Ultraego» en letras gruesas debajo.</p><ul><li><strong>Corte recto unisex</strong>, con costuras laterales para que la camiseta no se gire con el uso.</li><li><strong>Cuello de canalé reforzado</strong> que no se da de sí.</li><li><strong>Parche numerado</strong> «Hard Work Wins» cosido junto al bajo: edición limitada a 500.</li></ul><p>Algodón orgánico con certificado GOTS. Merchandising oficial del artista 3D detrás de la Mikoshin Saga, su serie fan de Dragon Ball en YouTube.</p>"
"368";"Sudadera de colección Ede Minmore Dragon Ball Mikoshin Saga Ultra Ego - Episode 12";"<p>Sudadera gris jaspeado con capucha y bolsillo canguro y el cartel de Ultra Ego en el pecho, edición limitada del episodio 12 de la Mikoshin Saga. La prenda de abrigo de la segunda colección de Ede Minmore, para quien lleva la saga puesta también en invierno.</p><p>La ilustración es la misma que la de la camiseta y la tote del episodio 12: el guerrero en plena transformación, con el pelo erizado y la energía estallando en astillas, enmarcado entre «Mikoshinsaga» y «Ultraego».</p><h3>Corte y tejido</h3><p>Unisex, con <strong>capucha envolvente</strong> y el <strong>bolsillo canguro</strong> clásico para las manos o el móvil. El tejido de felpa tiene cuerpo, cae recto y no pierde la forma con el uso. Mezcla de algodón y poliéster reciclado, con la etiqueta de la colección cosida en la costura lateral junto al bajo y su <strong>número de serie</strong> dentro de las 500 unidades.</p><p>Merch oficial del artista 3D. Si la quieres con tu nombre bordado, se puede añadir al pedido.</p>"
"369";"Sábana saco ajustable hamaca escolar";"<p>Sábana saco ajustable para hamaca escolar: la encimera va cosida a la bajera, así que el peque no se destapa a media siesta. Es blanca, de algodón hipoalergénico, y en la foto se ve la solapa de arriba doblada hacia fuera, que es por donde el niño se mete dentro.</p><ul><li><strong>Una sola pieza</strong>: la parte de abajo se ajusta a la hamaca y la de arriba lo cubre, así que dé las vueltas que dé sigue tapado.</li><li><strong>Se pone y se quita de una vez</strong>, sin hacer veinte hamacas por partes cuando toca cambiar la ropa de siesta.</li><li><strong>Algodón fresco y transpirable</strong>, para que no sude dentro del saco en las siestas de junio.</li></ul><p>Con su <strong>nombre bordado</strong>, la sábana no se confunde cuando las educadoras las recogen todas juntas al acabar la semana.</p>"
"370";"Sábana impermeable ajustable para cuna y hamaca guardería";"<p>Sábana impermeable ajustable para cuna y hamaca de guardería, de rizo de algodón con lámina interior que no deja pasar el pipí de la siesta. Es blanca, con gomas para sujetarla a la hamaca, y en la foto lleva un nombre bordado en azul en la esquina, sobre una hamaca apilable de las de escuela.</p><h3>Seca por debajo, suave por arriba</h3><p>El rizo toca la piel y absorbe; la <strong>lámina de poliuretano</strong> que va por dentro para el líquido antes de que llegue a la colchoneta de la hamaca. Es extrafina y <strong>sin BPA</strong>, y ni cruje al moverse ni da calor, que son las dos pegas de los protectores de plástico.</p><p>Se usa sola o debajo de la bajera de tela: si hay accidente, se cambia esta y la hamaca sigue seca para la siesta siguiente.</p><p>Con el <strong>nombre bordado</strong> vuelve siempre a la hamaca de su dueño, aunque en la escuela haya diez iguales.</p>"
"371";"Manta polar para cuna y hamaca escolar";"<p>Manta polar azul claro para cuna y hamaca escolar, con gomas en las dos esquinas de abajo para que abrigue toda la siesta sin escurrirse al suelo. En la foto va sobre una sábana blanca, con el borde de arriba doblado y el nombre bordado en un azul más oscuro en la esquina.</p><ul><li><strong>Gomas inferiores</strong>: sujetan la manta a los pies de la hamaca, que es por donde acaba en el suelo cuando el peque da patadas.</li><li><strong>Tejido polar ligero</strong>, con calor sin peso: abriga en las siestas de invierno sin que note una manta encima.</li><li><strong>Tacto muy suave</strong>, con certificado Oeko-Tex Standard 100 para una piel de uno o dos años.</li></ul><p>El nombre bordado hace que la manta de tu hijo vuelva a su hamaca y no a la del compañero de al lado, por mucho que se parezcan.</p>"
"372";"Sábana encimera para cuna y hamaca de guardería";"<p>Sábana encimera de algodón para cuna y hamaca de guardería, la capa ligera de encima para las siestas en las que una manta sobra. Es blanca y lisa, mide 180 × 110 cm y lleva <strong>dobladillos reforzados</strong> en todo el contorno, que es por donde una sábana de escuela empieza a deshilacharse con el trote del curso.</p><p>En primavera y en septiembre el peque duerme fresco solo con esta; en invierno va entre él y la manta polar y recoge el sudor para que la manta se ensucie menos. Por medida sirve en las hamacas y camitas apilables de la escuela y en una cuna estándar de casa.</p><p>El algodón es <strong>hipoalergénico</strong> y de la iniciativa Better Cotton, y la confeccionamos en nuestro taller de Barcelona.</p><p>Con el <strong>nombre bordado</strong>, la educadora la reconoce sin desdoblarla. Para colegios que necesiten más de diez unidades hay precio de mayorista.</p>"
"373";"Mochila personalizada con inicial bordada";"<p>Mochila lisa con la inicial bordada en un parche de 9 × 9 cm, en dos tamaños y diez colores, para el cole, la guardería y el día a día de la familia. En la foto, la marino con bolsillo frontal de cremallera y asa superior; la letra la eliges tú.</p><p>Una mochila por cabeza, cada una con su letra. La <strong>infantil</strong>, de 9 litros, para los peques hasta los seis años; la de <strong>adulto</strong>, de 16 litros, para los hermanos mayores, el instituto o el gimnasio. Mismo modelo, distinto tamaño, y nadie se lleva la de otro.</p><h3>Una letra, seis combinaciones</h3><p>Se borda <strong>una sola inicial</strong>, de la A a la Z, en letra universitaria con contorno, y se elige entre seis combinaciones de hilo para el contorno y el interior. La inicial va incluida en la mochila, y el bordado lo hacemos en nuestro taller de Barcelona.</p><p>Diez colores, del rojo y el fucsia al grafito y el camuflaje, para que cada uno de la casa tenga la suya. Y, opcional, un <strong>llavero de cuadro vichí</strong> con su nombre.</p>"
"377";"Blusón Educadora Infantil color rojo";"<p>Blusón rojo para educadoras de infantil con dos bolsillos de plastrón donde caben los pañuelos, los rotuladores y la tirita de emergencia. Es el mismo modelo evasé de manga corta que el pistacho, en un rojo liso que se ve desde la otra punta del patio.</p><ul><li><strong>Bolsillos a la altura de la mano</strong>: van cosidos por fuera, abajo, y se llega a ellos sin mirar, con el peque cogido en el otro brazo.</li><li><strong>Vuelo evasé</strong> que no se sube al agacharte ni se queda enganchado en la sillita.</li><li><strong>Punto resistente</strong>, con cuerpo para que el peso de los bolsillos llenos no lo deforme.</li></ul><p>Combina con vaqueros o con un pantalón negro y ya estás vestida para el aula. Disponible de la S a la XXL. Puedes añadir tu <strong>nombre bordado</strong> para que las familias nuevas de septiembre sepan a quién preguntan.</p>"
"378";"Blusón Educadora Infantil color blanco";"<p>Blusón blanco de educadora infantil, evasé y con bolsillos de plastrón, la prenda de equipo para que el claustro vaya igual y cada una con su nombre. El blanco es el color de siempre en las escuelas infantiles: combina con cualquier pantalón y deja ver la primera mancha, que en una prenda de trabajo es una ventaja para saber cuándo cambiarla.</p><p>Corte <strong>evasé</strong> de manga corta, cuello redondo y <strong>dos bolsillos</strong> cosidos delante, en un punto con cuerpo que aguanta el ritmo del aula. Tallas de la S a la XXL, para que cada compañera tenga la suya sin arreglos.</p><p>Para un centro es la forma sencilla de uniformar al equipo: el mismo blusón para todas y el <strong>nombre bordado</strong> de cada educadora, hasta 30 caracteres, para que las familias sepan quién es quién desde la puerta. Si el equipo prefiere color, también existe en pistacho, rojo y con la frase estampada.</p>"
"379";"Blusón Educadora Infantil estampado color blanco";"<p>La frase «Teachers are the real influencers» va estampada sobre este blusón blanco de educadora infantil, para arrancar una sonrisa en la puerta del cole. Sobre el blanco, las letras destacan, y la broma la entiende cualquier madre o padre que se pase el día viendo vídeos en el móvil.</p><h3>Un mensaje con el que estás de acuerdo</h3><p>Quien de verdad marca a un niño de tres años es la persona que le enseña a ponerse el abrigo, no una pantalla. La frase lo dice por ti y, de paso, rompe el hielo con las familias nuevas.</p><p>Debajo del estampado, el blusón es el de siempre: <strong>evasé</strong>, de manga corta y con <strong>dos bolsillos de plastrón</strong>, en un punto que resiste el curso. De la S a la XXL.</p><p>Puedes sumarle tu <strong>nombre bordado</strong>: la frase presume de la profesión y el nombre dice quién la ejerce en esa aula.</p>"
"380";"Blusón Educadora Infantil estampado color pistacho";"<p>Blusón verde pistacho con el estampado «Teachers are the real influencers», el regalo de fin de curso de la clase a la seño que sí va a usar. Entre las familias del grupo se acuerdan la talla, de la S a la XXL, y el color: este pistacho es el más alegre de los cuatro.</p><p>No es una taza que se queda en el armario. Es la prenda que se pone cada mañana: <strong>evasé</strong> para moverse por el aula, <strong>bolsillos de plastrón</strong> para lo que va recogiendo del suelo y un punto que aguanta el curso siguiente entero.</p><p>La frase va estampada sobre el verde y funciona como un guiño: los influencers de verdad son los que enseñan a compartir la plastilina.</p><p>Con el <strong>nombre de la seño bordado</strong> el regalo queda cerrado, y si además firmáis la tarjeta con los nombres de toda la clase, mejor. Lo confeccionamos en nuestro taller de Barcelona.</p>"
"381";"Blusón Educadora Infantil estampado color rojo";"<p>Rojo para que te vean llegar desde el patio: blusón de educadora con la frase «Teachers are the real influencers» estampada. El rojo liso destaca entre veinte abrigos y el estampado se lee en cuanto te acercas: es el blusón que los niños señalan cuando entran.</p><ul><li><strong>Patrón evasé</strong>, con el vuelo que empieza bajo el pecho y deja libre la cintura para sentarse en el suelo del rincón de lectura.</li><li><strong>Dos bolsillos de plastrón</strong> que en el rojo casi no se notan hasta que los llenas de piezas de construcción.</li><li><strong>Tejido de punto</strong> con cuerpo, que no pierde la forma después de un curso de pintura de dedos.</li></ul><p>Tallas de la S a la XXL, la misma horquilla que el resto de la colección. Si lo quieres con tu <strong>nombre bordado</strong>, dínoslo al pedirlo y sale del taller ya con él.</p>"
"382";"Blusón Educadora Infantil estampado color lila";"<p>Blusón lila para el aula de infantil, con el estampado «Teachers are the real influencers», tan cómodo como una camiseta y con los bolsillos de una bata. El lila es el color menos habitual de la colección, para quien no quiere ir de blanco ni repetir el pistacho de las compañeras.</p><p>Se pone por la cabeza y listo: cuello redondo, manga corta y <strong>tejido de punto</strong> que estira contigo. El <strong>patrón evasé</strong> se ensancha desde el pecho, así que no aprieta sentada en la sillita de la asamblea ni se sube al levantar a un peque del suelo.</p><p>Los <strong>dos bolsillos de plastrón</strong> van bajos y abiertos, a mano para el chupete perdido y el paquete de toallitas. La frase estampada, sobre el lila, es la que hace sonreír a las familias en la fila de la salida.</p><p>De la S a la XXL, y con tu nombre bordado si quieres que el primer día de curso nadie te llame «seño» a secas.</p>"
